subject_id,site,pearson,mae,frobenius
1018959,KKI,0.9788958108674647,0.044748,10.856553
1019436,KKI,0.9752671505264385,0.045363992,11.287759
1043241,KKI,0.9751074455409803,0.040829044,10.107091
1266183,KKI,0.9642101266823394,0.049352724,12.141903
1535233,KKI,0.9753317719936576,0.045568503,11.187301
1541812,KKI,0.9369321097428812,0.07330321,18.001617
1577042,KKI,0.9672997077105436,0.056240134,14.019279
1594156,KKI,0.9702836649130681,0.05705336,13.893807
1623716,KKI,0.9452418608272672,0.07229907,18.271318
1638334,KKI,0.9654689155573924,0.051033203,12.435986
1652369,KKI,0.969482572344782,0.05051163,12.480648
1686265,KKI,0.9787046809272019,0.04507609,11.17401
1692275,KKI,0.9751919888347025,0.051856726,12.620981
1735881,KKI,0.9700726393081848,0.049368996,12.0250635
1779922,KKI,0.9769876676492371,0.040424176,10.024021
1842819,KKI,0.9623724074764357,0.05304792,13.113085
1846346,KKI,0.9420941487088322,0.06474027,16.113878
1873761,KKI,0.9753935684924964,0.05046866,12.365769
1962503,KKI,0.9820380277620444,0.04463444,10.930553
1988015,KKI,0.9815674321648159,0.04396455,10.716803
1996183,KKI,0.9768179805909759,0.0415484,10.059079
2014113,KKI,0.9779500530326072,0.040853333,10.060247
2018106,KKI,0.9697702277532513,0.048877053,11.90882
2026113,KKI,0.962017288589536,0.059153963,14.695881
2081148,KKI,0.9727043013655922,0.045371898,11.184373
2104012,KKI,0.9764346463886072,0.043130923,10.475372
2138826,KKI,0.9730060276357703,0.045716416,11.201856
2299519,KKI,0.9454114782284432,0.064957075,15.901123
2344857,KKI,0.9740905463911281,0.043091424,10.514062
2360428,KKI,0.9648462118983409,0.04810601,11.742819
2371032,KKI,0.9819586913186824,0.04007595,9.840275
2554127,KKI,0.9545027225076406,0.057908736,14.0699215
2558999,KKI,0.9742483655260323,0.04541359,10.954903
2572285,KKI,0.9597659281296446,0.05411002,13.28163
2601925,KKI,0.9615231138731448,0.053093657,12.768234
2618929,KKI,0.9779087320291879,0.04244819,10.430022
2621228,KKI,0.9506511947749721,0.059059765,14.460012
2640795,KKI,0.9600310081960307,0.0534272,13.298825
2641332,KKI,0.9785756563113238,0.037645455,9.162741
2703289,KKI,0.973674257915035,0.042161867,10.343615
2740232,KKI,0.9730433327642272,0.04744695,11.676771
2768273,KKI,0.9727084437270426,0.046222974,11.298222
2822304,KKI,0.9723013506706807,0.046545938,11.302202
2903997,KKI,0.9822167708729491,0.039564155,9.67718
2917777,KKI,0.9586509271960136,0.05718223,14.263869
2930625,KKI,0.9713349069890661,0.052033316,12.670712
3103809,KKI,0.9584187634192519,0.05380176,13.184523
3119327,KKI,0.9614168587830153,0.051476892,12.547046
3154996,KKI,0.9730871543143547,0.045815956,11.335642
3160561,KKI,0.9786982143156097,0.0385451,9.3127165
3170319,KKI,0.9637894180566515,0.04718702,11.647671
3310328,KKI,0.9682587826158249,0.056943204,13.959276
3434578,KKI,0.9554900601948915,0.052792087,12.818133
3486975,KKI,0.9826382009473905,0.038895946,9.460985
3519022,KKI,0.9750893172873448,0.040423963,10.178931
3611827,KKI,0.9811228460665828,0.042441938,10.437568
3699991,KKI,0.9769287633013145,0.04303975,10.53819
3713230,KKI,0.9702782419446706,0.04751411,11.601859
3813783,KKI,0.9747318326539387,0.047338895,11.685025
3884955,KKI,0.9752688421580111,0.043734297,10.624861
3902469,KKI,0.9747026582374809,0.04587022,11.1845045
3912996,KKI,0.9793949441128573,0.040120665,9.795973
3917422,KKI,0.9481197493529788,0.060103416,14.996058
3972472,KKI,0.9428714038566854,0.06495202,16.748106
3972956,KKI,0.9804668549551268,0.04378604,11.024739
4104523,KKI,0.9696425805009593,0.050987136,12.582496
4154182,KKI,0.9797236244194831,0.04009968,9.7165165
4275075,KKI,0.9459233890164019,0.06736081,16.510876
4362730,KKI,0.9692800121929166,0.05315628,13.206156
4601682,KKI,0.9734294762320831,0.043944985,10.803308
5216908,KKI,0.9808834842175735,0.039251726,9.619293
6346605,KKI,0.9762180637942207,0.046836134,11.269816
6453038,KKI,0.9677858885084007,0.047050104,11.452408
7129258,KKI,0.9823395721415475,0.043267474,10.522053
7415617,KKI,0.9654279710185477,0.052779716,12.842729
7774305,KKI,0.9694831357978173,0.047992237,11.720156
8083695,KKI,0.9545822762063322,0.055178203,13.478233
8263351,KKI,0.9632479779344598,0.057865236,14.150925
8337695,KKI,0.9774816284142799,0.039439194,9.8958435
8432725,KKI,0.9772893240826213,0.047117263,11.466782
8628223,KKI,0.9419339490455578,0.061407927,15.150519
8658218,KKI,0.9735574745335218,0.045719974,11.314164
9922944,KKI,0.9627142763306735,0.04702812,11.513622
10001,NYU,0.9793154720565245,0.045606483,11.233465
10001,NYU,0.980102327786629,0.04184267,10.448472
10002,NYU,0.9708203037261114,0.045781955,11.098171
10002,NYU,0.9761857488972864,0.042568743,10.397249
10003,NYU,0.9143348372818024,0.10730199,25.678528
10004,NYU,0.9658067291489096,0.053297177,13.089859
10004,NYU,0.956937182605007,0.058491327,14.224442
10005,NYU,0.954639608153557,0.09150007,22.124128
10006,NYU,0.9759747301649901,0.04360031,10.72634
10007,NYU,0.9756454265943887,0.047452923,11.732089
10007,NYU,0.9783630708939133,0.043654524,10.951652
10008,NYU,0.9742519647033487,0.04357613,10.605868
10008,NYU,0.9809288038345664,0.039761562,9.712699
10009,NYU,0.9814416766272825,0.03893425,9.521348
10009,NYU,0.9666649167494222,0.049540248,12.152721
10010,NYU,0.9786464813797507,0.042889964,10.330932
10010,NYU,0.9725072508040423,0.045370888,11.342824
10011,NYU,0.9735814481210484,0.044968363,11.145312
10011,NYU,0.9403129202946727,0.07075119,17.239279
10012,NYU,0.9779805517293613,0.04277148,10.520195
10012,NYU,0.9713887059574444,0.07517636,18.281397
10013,NYU,0.9758045165312931,0.043126337,10.670923
10013,NYU,0.9737980806122792,0.04358361,10.664972
10014,NYU,0.9582556154851962,0.07268788,17.897316
10014,NYU,0.9776055001477526,0.048797645,11.9816675
10015,NYU,0.9656352476742903,0.06616688,16.280272
10015,NYU,0.9211795247111556,0.090548515,22.26407
10017,NYU,0.9711822480539676,0.046946716,11.387111
10017,NYU,0.9794405410884037,0.040231247,9.872327
10018,NYU,0.9855541557118891,0.03763818,9.188842
10019,NYU,0.978834329396447,0.03953041,9.544444
10019,NYU,0.9808314400918693,0.04914051,12.130589
10020,NYU,0.9778764944472508,0.046409037,11.516944
10021,NYU,0.973946373217309,0.042395283,10.294346
10021,NYU,0.9662208224260176,0.04847463,12.005747
10022,NYU,0.960094220875348,0.051120043,12.624951
10022,NYU,0.9507762832346164,0.070837155,16.978243
10023,NYU,0.9683383559299691,0.047286745,11.58807
10023,NYU,0.9809828268756928,0.039792415,9.605911
10024,NYU,0.9615339692854515,0.05003304,12.151236
10024,NYU,0.9795112250301127,0.044415705,10.951289
10025,NYU,0.9654150300843233,0.056847647,14.385884
10025,NYU,0.9775163464984002,0.058633592,14.03236
10026,NYU,0.9603589720358491,0.059013855,14.912047
10026,NYU,0.9778462545366835,0.045835115,11.263477
10028,NYU,0.9467207980321009,0.06139799,15.148521
10028,NYU,0.9664512039821089,0.045669295,11.204907
10029,NYU,0.9797141467489626,0.040849276,9.882465
10029,NYU,0.9736267104017013,0.048533246,11.848449
10030,NYU,0.9818782588617742,0.044809185,11.003861
10030,NYU,0.9665507896064772,0.05766573,14.264457
10031,NYU,0.9727864582990835,0.05145774,12.471248
10032,NYU,0.9722377808094868,0.046790622,11.406885
10033,NYU,0.9657973283785186,0.051960673,12.815293
10033,NYU,0.9744104169203193,0.045109916,11.063749
10034,NYU,0.9649068066207821,0.048389047,11.804952
10034,NYU,0.9748456383890017,0.04212786,10.249584
10035,NYU,0.9756587609413653,0.045078877,10.893254
10035,NYU,0.9500352436711149,0.06974048,16.797363
10036,NYU,0.974809928665006,0.04179689,10.1953535
10037,NYU,0.9835373659304604,0.04078335,9.984557
10037,NYU,0.9808399101154344,0.040941283,9.983827
10038,NYU,0.9794581903456424,0.045163047,10.863378
10038,NYU,0.9700561850803295,0.05112851,12.684229
10039,NYU,0.9692724102224602,0.048229765,11.76206
10039,NYU,0.9734850634364483,0.043954812,10.7701
10040,NYU,0.9701259797756289,0.05379227,13.323483
10040,NYU,0.9785044416492426,0.04383959,10.789032
10041,NYU,0.958067169712177,0.051394407,12.703561
10042,NYU,0.9817285052438539,0.04160664,9.999828
10043,NYU,0.9703627728744335,0.047829997,11.53664
10043,NYU,0.974291650083371,0.050625905,12.498249
10044,NYU,0.972162732478842,0.046914324,11.367753
10044,NYU,0.9568415751371474,0.05588086,13.6509285
10045,NYU,0.9825913355668221,0.03841974,9.384481
10045,NYU,0.9769282238086063,0.04257175,10.354876
10046,NYU,0.9817905415146402,0.043046497,10.402987
10046,NYU,0.9570114429635853,0.068673,16.785538
10047,NYU,0.8931198067535004,0.09685138,23.787775
10048,NYU,0.9747210411537687,0.050474666,12.448876
10048,NYU,0.9773619023576333,0.050008778,12.172284
10049,NYU,0.9706590316720171,0.048635498,11.950435
10050,NYU,0.9481415696379119,0.062967576,15.543844
10050,NYU,0.9539462748907254,0.060853794,14.9398155
10051,NYU,0.9742360060869958,0.046607755,11.525556
10051,NYU,0.966486568095718,0.054890778,13.500933
10052,NYU,0.9754582113890088,0.044533644,11.01027
10052,NYU,0.980412916783275,0.043290984,10.683521
10053,NYU,0.9776785259540467,0.0380297,9.214332
10053,NYU,0.9814759592494948,0.04316352,10.619941
10054,NYU,0.9703906918922439,0.05302593,13.100973
10054,NYU,0.9610283093564435,0.053918876,13.194598
10056,NYU,0.9706304964796468,0.04843389,11.87189
10056,NYU,0.978721782411327,0.043160833,10.544808
10057,NYU,0.9723807951250093,0.044635136,10.889145
10057,NYU,0.9690273776334274,0.046637457,11.447423
10058,NYU,0.9759480918097245,0.047320727,11.676239
10058,NYU,0.95677056654785,0.058686245,14.37706
10059,NYU,0.9671788261340014,0.05194012,12.699405
10059,NYU,0.9743655008303109,0.047701526,11.598825
10060,NYU,0.971120942865174,0.04538443,10.978627
10061,NYU,0.9674466226375223,0.058460046,14.021422
10062,NYU,0.9784458593890727,0.04297469,10.484
10062,NYU,0.9703332103454586,0.052795734,12.946393
10063,NYU,0.9805016031679571,0.03878175,9.534124
10063,NYU,0.9251881294596884,0.0850563,21.429747
10064,NYU,0.9756922588485085,0.04420568,10.672404
10065,NYU,0.982965031564797,0.044758134,10.968229
10065,NYU,0.9768365193905874,0.045344625,11.179952
10066,NYU,0.9736619614068831,0.05521717,13.5136595
10066,NYU,0.9707133060642992,0.060936883,14.873609
10067,NYU,0.9693423144267339,0.062494192,15.186666
10067,NYU,0.9728098518119158,0.05831588,14.060728
10068,NYU,0.9820587583731162,0.039078526,9.543941
10068,NYU,0.9731992721502514,0.042467978,10.505908
10069,NYU,0.9625466553102896,0.06106878,14.949744
10069,NYU,0.9827328120572971,0.037792772,9.190697
10070,NYU,0.9745166981647645,0.04465082,10.925739
10070,NYU,0.9605133686673085,0.055768397,13.576891
10071,NYU,0.9773107465442625,0.04373281,10.729782
10071,NYU,0.9809161630677425,0.040285915,9.783692
10072,NYU,0.9816948890400025,0.038004216,9.350334
10073,NYU,0.9727652840791825,0.04748512,11.516243
10073,NYU,0.9718608025158268,0.047432,11.538054
10074,NYU,0.976742906044552,0.05146567,12.903331
10075,NYU,0.9788207062776461,0.038561035,9.336703
10075,NYU,0.976385526278244,0.04486754,10.896582
10076,NYU,0.964167392175105,0.058715243,14.320489
10076,NYU,0.9827990766673019,0.041204453,10.103734
10077,NYU,0.922375109875359,0.083867624,20.776985
10077,NYU,0.9670563070738522,0.06257263,14.978261
10078,NYU,0.9789890487015923,0.040357165,9.906396
10078,NYU,0.926219247389733,0.087429926,21.384394
10079,NYU,0.9832248541693268,0.042081453,10.243154
10079,NYU,0.9827374655230839,0.038858574,9.4739485
10080,NYU,0.9841579360851731,0.038882397,9.436807
10080,NYU,0.9823121110022651,0.039978344,9.823453
10081,NYU,0.9821582669914994,0.037784122,9.245609
10081,NYU,0.9816983274527294,0.04559986,11.003018
10082,NYU,0.9759072302029803,0.042956874,10.536419
10082,NYU,0.970197407127195,0.044101615,10.890536
10083,NYU,0.97624131904788,0.04438325,10.877106
10083,NYU,0.9573851307217557,0.06534956,16.475298
10084,NYU,0.9786751914114896,0.03994943,9.8248205
10084,NYU,0.9731134654012003,0.042003475,10.313763
10085,NYU,0.9559242998831982,0.05590422,13.870286
10085,NYU,0.9771669700253394,0.052551,13.305411
10086,NYU,0.9706958003248989,0.049416382,12.268435
10086,NYU,0.9822913516588229,0.043611467,10.731331
10087,NYU,0.9655478273256565,0.053237084,13.050671
10087,NYU,0.9778391243309813,0.04674809,11.643289
10088,NYU,0.9803830978748836,0.047516163,11.593999
10088,NYU,0.9683481679818239,0.055600855,13.563655
10089,NYU,0.9697329563512382,0.04906965,12.1116705
10089,NYU,0.9755597460934787,0.045751095,11.120744
10090,NYU,0.9726218460731512,0.04335169,10.570686
10090,NYU,0.9832119154471348,0.041947827,10.177689
10091,NYU,0.9893227895560793,0.041996926,10.23959
10091,NYU,0.9825365883310122,0.04187104,10.180944
10092,NYU,0.973766059126916,0.049321804,12.030507
10092,NYU,0.9848679172088106,0.041472524,10.174302
10093,NYU,0.9862485268580066,0.039119072,9.568303
10093,NYU,0.9813939353794624,0.04807867,11.56641
10094,NYU,0.9731345162675951,0.04469815,11.054442
10094,NYU,0.9839015652193365,0.042025823,10.276742
10095,NYU,0.9744561438096982,0.04986305,12.019766
10095,NYU,0.9461993600839274,0.07714698,18.920385
10096,NYU,0.9757679981701834,0.050838575,12.438428
10096,NYU,0.9776951330419731,0.047676098,11.65825
10097,NYU,0.9836824363715169,0.03964003,9.627329
10097,NYU,0.9755382276517903,0.051944744,12.520708
10099,NYU,0.9718521098427656,0.049392425,12.093451
10099,NYU,0.9856023764210873,0.03837111,9.383658
10100,NYU,0.9703567064223265,0.045287915,11.086492
10100,NYU,0.9716552793549748,0.05066734,12.277334
10101,NYU,0.9781390641398178,0.041850694,10.188692
10101,NYU,0.9426124936268115,0.06331444,15.496979
10102,NYU,0.956811045841973,0.05926187,14.426708
10102,NYU,0.9654104056011156,0.04643836,11.466726
10103,NYU,0.8782339772234193,0.111475736,27.24299
10104,NYU,0.9711501126719475,0.047908142,11.722184
10104,NYU,0.9665519326350783,0.058197055,14.246649
10106,NYU,0.9722743075008857,0.048991688,11.935573
10106,NYU,0.9441256275741267,0.06631445,16.548676
10107,NYU,0.9827446004141912,0.0437239,10.815065
10107,NYU,0.972115498404737,0.04525318,11.051252
10108,NYU,0.9831772618230672,0.04448685,10.966668
10108,NYU,0.9798865016109755,0.044579703,10.855272
10109,NYU,0.9784232388296439,0.045381915,11.079687
10109,NYU,0.9690723867237521,0.05039798,12.342291
10110,NYU,0.9761078941448045,0.04904606,12.028051
10110,NYU,0.9727948388177889,0.0530966,13.080244
10111,NYU,0.9506996563307328,0.06971706,16.852665
10112,NYU,0.9779611861189134,0.042718213,10.394633
10112,NYU,0.980406975569393,0.04428248,10.930547
10113,NYU,0.9577981327509564,0.05633269,14.064165
10113,NYU,0.9759511268466675,0.044913862,11.014425
10114,NYU,0.9745599199750257,0.04231009,10.317446
10114,NYU,0.9594554808509181,0.053307325,13.179379
10115,NYU,0.978810568609765,0.041772243,10.221496
10115,NYU,0.9643561670718535,0.049720425,12.206878
10116,NYU,0.9652453823527236,0.051475808,12.597216
10116,NYU,0.9792472616354793,0.04062321,9.80533
10117,NYU,0.9701200077855552,0.04661291,11.380086
10117,NYU,0.9640392216421688,0.05182363,12.717707
10118,NYU,0.9687883336771621,0.047596827,11.536057
10118,NYU,0.9756394999085254,0.04257709,10.410834
10119,NYU,0.9231874121694559,0.08000631,19.707834
10120,NYU,0.9809303861666177,0.04114208,9.948703
10120,NYU,0.9799963782086135,0.03835196,9.351636
10121,NYU,0.9721524527210832,0.049271584,11.935285
10121,NYU,0.9772051632931423,0.042987633,10.466962
10122,NYU,0.978155108491381,0.04092875,9.927833
10122,NYU,0.9669165859761089,0.05130585,12.445214
10123,NYU,0.9778131074903781,0.04458154,10.8998375
10123,NYU,0.9724659239798257,0.046776608,11.492127
10124,NYU,0.9605373494514505,0.055785365,13.78795
10124,NYU,0.9757578080831301,0.045977812,11.145656
10125,NYU,0.9756727300605614,0.04334818,10.541561
10125,NYU,0.966868196393807,0.052583996,13.285562
10126,NYU,0.9744657209478926,0.048976123,12.162478
10128,NYU,0.9900682514182446,0.035058636,8.534286
10129,NYU,0.9778673328394165,0.040908422,10.00785
10129,NYU,0.9845005765794864,0.039133713,9.504439
1000804,NYU,0.9655984955087497,0.05258589,12.839461
1000804,NYU,0.965286543053332,0.05781865,14.350216
1023964,NYU,0.9677466437402777,0.0530913,12.950238
1023964,NYU,0.9512285466177057,0.1250166,31.304531
1057962,NYU,0.9729015129964298,0.044324663,10.919154
1099481,NYU,0.9749811601993394,0.04281325,10.413412
1099481,NYU,0.9758921041663408,0.04046487,9.8545265
1127915,NYU,0.979149498594378,0.040953327,9.924753
1127915,NYU,0.9726021495689933,0.04614185,11.02586
1187766,NYU,0.9762158963172288,0.04531091,11.057305
1187766,NYU,0.9701900761241612,0.05911189,14.34692
1208795,NYU,0.9800172975171695,0.042503178,10.345572
1208795,NYU,0.9750950567192197,0.044687267,10.938462
1283494,NYU,0.9710165521968387,0.047488805,11.568117
1320247,NYU,0.9755148224454115,0.04588119,11.1321745
1320247,NYU,0.9709027505385012,0.04794835,11.874878
1359325,NYU,0.9773684567351252,0.04169951,10.051122
1359325,NYU,0.9623004619529644,0.05463743,13.178917
1435954,NYU,0.9705643530474448,0.05008631,12.32995
1435954,NYU,0.9710550706026099,0.049345993,12.004292
1471736,NYU,0.964176700094241,0.052092638,12.751513
1471736,NYU,0.97227536916091,0.04873532,11.90149
1497055,NYU,0.9698081828014536,0.045932356,11.253805
1497055,NYU,0.9781257164426952,0.04470076,10.939062
1511464,NYU,0.9696536138130104,0.048547726,11.795591
1511464,NYU,0.9805260788712592,0.040216807,9.919395
1517240,NYU,0.9685187661227775,0.050980154,12.747031
1567356,NYU,0.9645397355331123,0.049779158,12.07789
1567356,NYU,0.9712564410737051,0.043492284,10.574585
1700637,NYU,0.9702524270013416,0.04477201,10.93144
1700637,NYU,0.9691570933933974,0.05015428,12.435048
1737393,NYU,0.9753495897874711,0.042105068,10.170021
1737393,NYU,0.968932758600162,0.04377622,10.788985
1740607,NYU,0.9819066107483364,0.040009256,9.765289
1740607,NYU,0.980048179840832,0.04368507,10.582295
1780174,NYU,0.9741649488838544,0.04267963,10.425248
1780174,NYU,0.968282917245685,0.047857627,11.708337
1854959,NYU,0.9838287701881953,0.03526741,8.57806
1854959,NYU,0.9730993761589318,0.048133213,11.797431
1875084,NYU,0.9759530562093734,0.048205048,11.968784
1884448,NYU,0.9602101382883247,0.054299984,13.449388
1884448,NYU,0.979006424629267,0.04267146,10.370018
1918630,NYU,0.9562777292361037,0.06368811,15.586775
1918630,NYU,0.966476132307274,0.061897352,14.876565
1934623,NYU,0.9738469914556892,0.047908965,11.622127
1934623,NYU,0.9820377288574109,0.04065234,9.840495
1992284,NYU,0.9674188279785091,0.048617493,11.722761
1992284,NYU,0.9584627762788618,0.05542557,13.596922
1995121,NYU,0.9656658298233257,0.049438998,12.000577
2030383,NYU,0.9658158167792866,0.05066228,12.726444
2030383,NYU,0.9654866593381933,0.0553401,13.581623
2054438,NYU,0.9768417996539779,0.046137396,11.14407
2054438,NYU,0.9584446956066651,0.06354697,15.428974
2107638,NYU,0.9855292594920537,0.037995365,9.358815
2107638,NYU,0.9766693551418592,0.04153367,10.322673
2136051,NYU,0.9798790899162848,0.041345857,9.988949
2136051,NYU,0.9791126885789517,0.049472425,12.107892
2230510,NYU,0.9838181734422665,0.039546188,9.677811
2230510,NYU,0.9763242809422679,0.043842375,10.880596
2260910,NYU,0.973080578774363,0.043845017,10.699545
2260910,NYU,0.9546538629332214,0.05941922,14.383718
2297413,NYU,0.9726110211999157,0.046382856,11.423668
2306976,NYU,0.9735282372715952,0.044780467,10.842215
2306976,NYU,0.9628042472871275,0.055681497,13.6646385
2497695,NYU,0.9805775046869216,0.03871047,9.440458
2497695,NYU,0.9654326460638893,0.04942334,12.274311
2570769,NYU,0.9833808831553503,0.03750079,9.10433
2570769,NYU,0.9674252172453814,0.051074084,12.456227
2682736,NYU,0.9821435994690123,0.041872952,10.246989
2682736,NYU,0.9774956879228875,0.043736774,10.683255
2730704,NYU,0.9643152641258302,0.054229222,13.27595
2730704,NYU,0.9677277878492241,0.056721155,13.93929
2735617,NYU,0.9785317285245112,0.041804522,10.282599
2735617,NYU,0.9645101340566898,0.059257016,14.464619
2741068,NYU,0.9717645451879312,0.043220613,10.547878
2741068,NYU,0.9558236372632688,0.06212871,15.038502
2773205,NYU,0.9698002641864525,0.048918147,12.080092
2821683,NYU,0.9720195757800898,0.046274107,11.336298
2821683,NYU,0.9631603876792012,0.061798953,14.987744
2854839,NYU,0.9814532086491716,0.039907847,9.714595
2854839,NYU,0.9745931414633604,0.045221146,11.006111
2907383,NYU,0.986953139688641,0.05220825,12.603003
2907383,NYU,0.9342867466486844,0.0818657,20.011795
2950672,NYU,0.9773398692663257,0.043937325,10.75795
2950672,NYU,0.9780443150547805,0.050088655,12.671659
2983819,NYU,0.9853373928278764,0.038406674,9.301371
2983819,NYU,0.9800055907070404,0.04231467,10.253945
2991307,NYU,0.9581512650177023,0.054123215,13.485048
2991307,NYU,0.9716773891492928,0.04687293,11.5990505
2996531,NYU,0.9727852521927808,0.0442356,10.75839
2996531,NYU,0.9771590535848652,0.042146735,10.203541
3011311,NYU,0.9666727985186822,0.046385255,11.285056
3011311,NYU,0.9729914652416218,0.041425176,10.103962
3163200,NYU,0.9761433428109463,0.04604115,11.207037
3163200,NYU,0.9738306662286682,0.05300784,13.073505
3174224,NYU,0.9663547433551225,0.045333255,11.095592
3235580,NYU,0.9834550795523458,0.04065858,9.9128
3235580,NYU,0.967534619542063,0.04912794,12.088585
3243657,NYU,0.9558554529382643,0.05787139,14.515636
3243657,NYU,0.9678594808630656,0.05131418,12.503865
3349205,NYU,0.9700661015892373,0.04777086,11.872405
3349205,NYU,0.9303415377664505,0.09079271,22.034798
3349423,NYU,0.9753715591896344,0.043555778,10.78701
3349423,NYU,0.9594894499300494,0.06139527,15.132956
3433846,NYU,0.9683088921064906,0.05036232,12.380137
3433846,NYU,0.9722528892490974,0.04841714,11.740256
3441455,NYU,0.9609879418864583,0.059040036,14.413465
3441455,NYU,0.9533110073055444,0.062381484,15.289468
3457975,NYU,0.9761865004677452,0.049466494,12.340364
3457975,NYU,0.9689476731679907,0.05041161,12.461177
3518345,NYU,0.974594351149944,0.043290634,10.546185
3518345,NYU,0.9775051577290969,0.055711325,13.544173
3542588,NYU,0.9735751198809107,0.04466813,11.050457
3542588,NYU,0.9727841955736706,0.047355358,11.60276
3601861,NYU,0.9801222226288917,0.04477038,11.019991
3601861,NYU,0.970735313590138,0.058630478,14.187161
3619797,NYU,0.9762994461427966,0.042773798,10.572894
3650634,NYU,0.9750947885184749,0.041481566,10.17412
3650634,NYU,0.9720610905535526,0.04308126,10.52674
3653737,NYU,0.9755106099462623,0.04411105,10.806418
3653737,NYU,0.9663596975668943,0.06891553,17.162407
3679455,NYU,0.9784020205698994,0.040240087,9.766018
3679455,NYU,0.9718118723899339,0.045183256,11.003582
3845761,NYU,0.9670821257606678,0.052112505,12.713404
3845761,NYU,0.9838821251041445,0.04544246,11.2471485
3999344,NYU,0.9644357020357567,0.051057514,12.382743
4060823,NYU,0.9687825783983602,0.05626037,13.7915745
4060823,NYU,0.9711479589754419,0.055146396,13.31997
4079254,NYU,0.9828949305825179,0.037405908,9.064783
4079254,NYU,0.9669386852457735,0.050869823,12.290277
4084645,NYU,0.962156182683303,0.05841542,14.327886
4084645,NYU,0.9734158285551289,0.04562308,11.380178
4095229,NYU,0.9575550031226396,0.06289704,15.256596
4116166,NYU,0.9787790790895583,0.04227406,10.337234
4116166,NYU,0.9649768394736383,0.050461058,12.330644
4154672,NYU,0.9638393615608795,0.058152474,14.141647
4154672,NYU,0.9818169214720698,0.03812369,9.314091
4164316,NYU,0.9609350747555835,0.04911867,12.010313
4187857,NYU,0.9684955260501135,0.045733616,11.141518
4187857,NYU,0.9783063751277726,0.044496294,11.072491
4562206,NYU,0.9812674766768411,0.038958147,9.498489
4827048,NYU,0.9676786916181371,0.049713537,12.531656
5164727,NYU,0.9764703250370409,0.04512027,11.01795
5164727,NYU,0.9753932127006133,0.04126776,10.134934
5971050,NYU,0.9645552695626403,0.051861007,12.830677
5971050,NYU,0.9324941999834273,0.08229827,20.064558
6206397,NYU,0.9667325280599075,0.04905123,11.920931
6206397,NYU,0.9642871381097731,0.05376354,13.318785
6568351,NYU,0.9717303953785253,0.043570325,10.621423
6568351,NYU,0.9531123006740609,0.06971838,17.324644
8009688,NYU,0.9728635080256945,0.043333456,10.438813
8009688,NYU,0.9724481092960008,0.047814395,11.625882
8415034,NYU,0.9763873875104869,0.0422307,10.387539
8415034,NYU,0.9742399181138106,0.04830917,12.158126
8692452,NYU,0.9774541211224577,0.038971566,9.456947
8692452,NYU,0.9752686787453592,0.042027358,10.138476
8697774,NYU,0.9764724860561993,0.044604234,10.978158
8697774,NYU,0.9459937261822586,0.06306371,15.361984
8834383,NYU,0.9643264564291198,0.058457907,14.463866
8834383,NYU,0.9763710695148425,0.045457825,11.046021
8915162,NYU,0.9839385030017773,0.041891478,10.1909485
8915162,NYU,0.9742911655224843,0.04288609,10.424764
9326955,NYU,0.980428422003071,0.043867234,10.581529
9326955,NYU,0.9756236126191897,0.049251296,11.954853
9578663,NYU,0.9674791199455096,0.046530075,11.323791
9578663,NYU,0.9739988506998956,0.046290193,11.367083
9750701,NYU,0.9728971196238749,0.049172368,11.910367
9750701,NYU,0.9735165390086594,0.046047725,11.105681
9907452,NYU,0.9793577385155589,0.04244219,10.202726
9907452,NYU,0.9512538402365056,0.06897335,16.622675
1017176,NeuroIMAGE,0.9813519320481813,0.03262848,7.9675784
1125505,NeuroIMAGE,0.9827701692207944,0.036049347,8.730017
1208586,NeuroIMAGE,0.9720902008139932,0.04834888,11.695796
1312097,NeuroIMAGE,0.9635824254148372,0.045983095,11.362097
1411495,NeuroIMAGE,0.9759441050573683,0.041240733,10.030606
1438162,NeuroIMAGE,0.9610015545618988,0.050686736,12.601464
1538046,NeuroIMAGE,0.9791454574438994,0.03721255,9.010284
1585708,NeuroIMAGE,0.963079501520281,0.0493816,12.123725
1588809,NeuroIMAGE,0.9723664363029163,0.042491056,10.264167
2029723,NeuroIMAGE,0.9577042417226961,0.060816687,15.5044985
2074737,NeuroIMAGE,0.9833644164462706,0.032823104,8.055099
2352986,NeuroIMAGE,0.9777785885049867,0.039714146,9.653966
2419464,NeuroIMAGE,0.9750557395804629,0.036119312,8.751297
2574674,NeuroIMAGE,0.9782740046649905,0.035026517,8.4868965
2671604,NeuroIMAGE,0.9850463370093084,0.03336149,8.130943
2756846,NeuroIMAGE,0.980363318693822,0.03553144,8.633508
2876903,NeuroIMAGE,0.9761159958373083,0.03880655,9.369729
2961243,NeuroIMAGE,0.9622118967670447,0.04984274,12.4697
3007585,NeuroIMAGE,0.9712977958312937,0.04095407,9.983139
3048588,NeuroIMAGE,0.9356933320310162,0.063270904,15.461935
3082137,NeuroIMAGE,0.932575386854822,0.068914555,17.41351
3108222,NeuroIMAGE,0.9724095751705896,0.042301808,10.386713
3190461,NeuroIMAGE,0.965900127107545,0.040702026,9.860687
3304956,NeuroIMAGE,0.9789141579721884,0.04024092,9.804052
3322144,NeuroIMAGE,0.9805966382105107,0.039004304,9.492423
3449233,NeuroIMAGE,0.978542608663348,0.0361181,8.940033
3515506,NeuroIMAGE,0.9822328031391651,0.03689517,8.912126
3566449,NeuroIMAGE,0.9755310766148155,0.045020055,11.054566
3808273,NeuroIMAGE,0.9200376610751945,0.19261444,50.42454
3858891,NeuroIMAGE,0.982493698338382,0.04007974,9.714944
3888614,NeuroIMAGE,0.9512863660323243,0.05105335,12.818015
3941358,NeuroIMAGE,0.9781846396421511,0.037077136,8.967898
3959823,NeuroIMAGE,0.9750638416387359,0.04292005,10.459932
3980079,NeuroIMAGE,0.9702011332768702,0.041668475,10.164798
4020830,NeuroIMAGE,0.9789602842557666,0.037372064,9.112947
4134561,NeuroIMAGE,0.9721536778855295,0.04212338,10.270376
4239636,NeuroIMAGE,0.9678481146272243,0.040991172,10.008681
4285031,NeuroIMAGE,0.935340466739065,0.05824574,14.417037
4919979,NeuroIMAGE,0.957504733333378,0.08380161,20.179848
5045355,NeuroIMAGE,0.9664005402990954,0.07237056,17.65714
6115230,NeuroIMAGE,0.9834443981232154,0.03414335,8.237814
7339173,NeuroIMAGE,0.9812849756880807,0.036474887,8.766087
7446626,NeuroIMAGE,0.9870075783617012,0.031667363,7.727451
7504392,NeuroIMAGE,0.9756679216761364,0.034420934,8.638352
8387093,NeuroIMAGE,0.977008859056897,0.040290453,9.878973
8409791,NeuroIMAGE,0.9870711610064139,0.032888457,8.074508
8991934,NeuroIMAGE,0.9742188674260377,0.03973275,10.048572
9956994,NeuroIMAGE,0.9824705603166408,0.03650661,8.873485
1084283,OHSU,0.9601639888248797,0.070363134,16.975142
1084283,OHSU,0.95520456947963,0.072694704,17.72311
1084283,OHSU,0.9575045409585536,0.07281459,17.652948
1084884,OHSU,0.9680001362950135,0.07577139,18.579048
1084884,OHSU,0.9553420586966066,0.07647251,18.76848
1084884,OHSU,0.9529751526736602,0.07942852,18.980186
1108916,OHSU,0.9650521855777002,0.06668648,16.059473
1108916,OHSU,0.9457928428276097,0.08018474,19.651983
1108916,OHSU,0.9629130916738894,0.06809913,16.436539
1206380,OHSU,0.9393457441066915,0.081686445,19.5513
1206380,OHSU,0.9402228648399787,0.0859799,20.781986
1206380,OHSU,0.9260411119958507,0.09587679,23.49537
1340333,OHSU,0.9316047321664003,0.088006675,21.648563
1340333,OHSU,0.9328619167510369,0.0857887,20.721323
1340333,OHSU,0.9296881923004292,0.094498985,22.998167
1386056,OHSU,0.9079151273481414,0.12119856,28.78096
1386056,OHSU,0.9131400792236011,0.12736923,31.563229
1386056,OHSU,0.9483528845348956,0.085501544,21.017143
1411223,OHSU,0.9571304786824616,0.074494876,18.250301
1411223,OHSU,0.933677137295714,0.08545075,20.612679
1411223,OHSU,0.9342051835482055,0.0852856,20.663317
1418396,OHSU,0.932997390040511,0.094322786,22.471676
1418396,OHSU,0.9392588896740728,0.08383362,20.581394
1418396,OHSU,0.963870449169594,0.066942476,16.347717
1421489,OHSU,0.9395660563467904,0.07808652,18.734907
1421489,OHSU,0.9443477420485904,0.07786892,18.908888
1421489,OHSU,0.9447498718200261,0.08353807,20.023684
1481430,OHSU,0.9476080201001268,0.077858545,19.113157
1481430,OHSU,0.9622817200048116,0.066112205,16.025003
1481430,OHSU,0.8982660603872881,0.106469594,25.871489
1502229,OHSU,0.9248839472299379,0.09390664,23.203669
1502229,OHSU,0.9523416126287927,0.07318612,17.704578
1502229,OHSU,0.9631115503984055,0.07305947,17.723894
1536593,OHSU,0.9107060437527701,0.10461383,25.498993
1536593,OHSU,0.9771412149816718,0.06422779,15.79772
1536593,OHSU,0.9743648853251559,0.062287107,15.185801
1548937,OHSU,0.9487801228177114,0.07178178,17.315311
1548937,OHSU,0.9494237919585936,0.0769193,18.438484
1548937,OHSU,0.9524310514464432,0.0754893,18.322533
1552181,OHSU,0.937511013354892,0.08222263,19.833149
1552181,OHSU,0.9703048190025426,0.06752554,16.31626
1552181,OHSU,0.9545599400742555,0.07695544,18.480183
1647968,OHSU,0.9444036177887967,0.0723731,17.55184
1664335,OHSU,0.9446198269181701,0.08268084,19.933374
1664335,OHSU,0.9567045000603606,0.07414698,18.068787
1664335,OHSU,0.9543700977961811,0.07864888,19.037815
1679142,OHSU,0.9440862384840011,0.07166631,17.144712
1679142,OHSU,0.9765041339274944,0.055681914,13.573903
1679142,OHSU,0.9476841407248597,0.074855246,18.063787
1696588,OHSU,0.948637916043922,0.08558991,20.636333
1696588,OHSU,0.9441714733553616,0.095882595,23.659712
1696588,OHSU,0.9734901162945606,0.068213545,16.949276
1743472,OHSU,0.9443117075779639,0.080444925,19.217823
1743472,OHSU,0.9497278167979247,0.07328464,17.661097
1743472,OHSU,0.9364540103850562,0.09289512,22.62697
2054310,OHSU,0.9461503238254105,0.07536109,18.276567
2054310,OHSU,0.9488232638203352,0.07797582,18.606
2054310,OHSU,0.9635941132231668,0.07625303,18.700804
2054998,OHSU,0.9299824092649481,0.101891376,24.875782
2054998,OHSU,0.9219050389016407,0.11467089,27.235416
2054998,OHSU,0.9565284548513534,0.07604184,18.38681
2071989,OHSU,0.9485099283028541,0.079583004,19.291126
2071989,OHSU,0.9582112169266215,0.072288975,17.488604
2071989,OHSU,0.944562456300185,0.0795778,18.922451
2124248,OHSU,0.9650725728022975,0.07356938,17.739626
2124248,OHSU,0.9768466831753132,0.059451688,14.341129
2124248,OHSU,0.967171049546459,0.073595375,17.615328
2155356,OHSU,0.9558666759428427,0.07868944,19.402122
2155356,OHSU,0.9498709112794159,0.081257924,19.543001
2155356,OHSU,0.9350708798343292,0.081033066,19.57032
2232376,OHSU,0.9494551130939619,0.07831856,18.802488
2232376,OHSU,0.9233383079249904,0.092121854,22.231396
2232376,OHSU,0.9335382655976552,0.086548254,20.805853
2232413,OHSU,0.9641460200465203,0.06735842,16.588562
2232413,OHSU,0.9427199030106989,0.08098839,19.545616
2232413,OHSU,0.9640585561776605,0.068343826,16.65067
2288903,OHSU,0.9156001804338223,0.103620484,25.167421
2288903,OHSU,0.972366210298548,0.06187463,15.128069
2288903,OHSU,0.9633870978798394,0.07583991,18.921497
2292940,OHSU,0.9794396820698617,0.05673119,14.134429
2292940,OHSU,0.9380570349395697,0.09850186,23.791931
2292940,OHSU,0.9599169893290765,0.081059545,20.012962
2409220,OHSU,0.9425877340881466,0.08788165,21.779123
2409220,OHSU,0.9598008080648393,0.074904144,18.019423
2409220,OHSU,0.9729026372770894,0.08046221,19.662247
2415970,OHSU,0.9596103177228664,0.06526181,15.7026005
2415970,OHSU,0.9311492489029819,0.084454775,20.33916
2415970,OHSU,0.9545519790152055,0.07855503,18.99908
2426523,OHSU,0.9574012474426561,0.07619946,18.4272
2426523,OHSU,0.9593990421411887,0.07436937,17.907244
2426523,OHSU,0.9561412014593326,0.07531767,18.227972
2427434,OHSU,0.96881964852074,0.06745893,16.415504
2427434,OHSU,0.9211868774366551,0.093431,22.47328
2427434,OHSU,0.9455224984632155,0.0772468,18.71247
2455205,OHSU,0.9482120215056172,0.09198778,22.212484
2455205,OHSU,0.9379088469444201,0.09418699,23.7069
2455205,OHSU,0.9222338938596019,0.11736519,28.633434
2535204,OHSU,0.9772340725354846,0.057064004,13.897381
2535204,OHSU,0.9529253257381028,0.07636444,18.651299
2535204,OHSU,0.9448821897469977,0.077115856,18.655748
2559559,OHSU,0.9453544789701575,0.09012425,21.868343
2559559,OHSU,0.9068804085363013,0.14146426,34.764153
2559559,OHSU,0.9517653901531763,0.07807666,19.24792
2561174,OHSU,0.9555472824222323,0.089907974,21.816633
2561174,OHSU,0.9070546214445742,0.12486032,30.508884
2561174,OHSU,0.9554575224977423,0.08056143,19.391512
2571197,OHSU,0.9650250014436933,0.06440839,15.511378
2571197,OHSU,0.9455428990245999,0.07742885,18.71177
2571197,OHSU,0.9504364745073437,0.07069479,17.292702
2578455,OHSU,0.948568078510014,0.08062218,19.817505
2578455,OHSU,0.9394243636140119,0.0744319,17.893566
2578455,OHSU,0.943154855252492,0.07746925,18.776602
2620872,OHSU,0.9221831372349131,0.12618275,30.749348
2620872,OHSU,0.9579077464462762,0.07630903,18.28907
2620872,OHSU,0.9533889050920301,0.084561884,20.199013
2790141,OHSU,0.9851168649556639,0.055032607,13.489306
2790141,OHSU,0.9725281969447659,0.060246944,15.149861
2790141,OHSU,0.953980620735896,0.08041903,19.340067
2790141,OHSU,0.9718063464814647,0.06682282,16.56914
2845989,OHSU,0.9080197970727891,0.10485571,25.452606
2845989,OHSU,0.9724463721847533,0.06384962,15.831519
2845989,OHSU,0.9541861798824331,0.07806371,18.902325
2920716,OHSU,0.9657497053563326,0.06909756,16.660255
2920716,OHSU,0.9485581867457646,0.07439961,17.858889
2920716,OHSU,0.9193369301865673,0.10009589,24.465103
2929195,OHSU,0.9859099099314143,0.05148153,12.58618
2929195,OHSU,0.9670782540517919,0.06708541,16.535986
2929195,OHSU,0.8859684923572386,0.1267802,30.759989
2947936,OHSU,0.9707270197036529,0.063031696,15.311776
2947936,OHSU,0.9426748375370884,0.07582307,18.260853
2947936,OHSU,0.9295380164390724,0.08752129,21.092012
2959809,OHSU,0.946273435821436,0.08118491,19.87624
2959809,OHSU,0.9451447779313914,0.08365888,20.163235
2959809,OHSU,0.9298877811237618,0.09973665,23.719368
3048401,OHSU,0.9699993341860258,0.063820146,15.626063
3048401,OHSU,0.9532648372669321,0.07043057,16.932573
3048401,OHSU,0.9733079828514772,0.061675627,14.836793
3051944,OHSU,0.9499703760328535,0.07640114,18.361553
3051944,OHSU,0.9513573257267093,0.08002828,19.289503
3051944,OHSU,0.9373785107591396,0.0775057,18.640562
3052540,OHSU,0.8984126347621456,0.10012414,24.77083
3052540,OHSU,0.9445014657905902,0.08257328,19.888136
3052540,OHSU,0.9540916472635723,0.07556054,18.130022
3162671,OHSU,0.949879891421143,0.07678715,18.429317
3162671,OHSU,0.9458630998077548,0.08449142,20.453764
3162671,OHSU,0.9741937893631668,0.06828486,16.513927
3206978,OHSU,0.9836718380207038,0.058673594,14.818812
3206978,OHSU,0.9281907499959203,0.089661345,21.874512
3206978,OHSU,0.9342171300524653,0.08488698,20.907246
3212875,OHSU,0.9713194143247132,0.06380974,15.50625
3212875,OHSU,0.9537531654870045,0.07294815,17.600266
3212875,OHSU,0.9751515848974937,0.061474957,15.085263
3244985,OHSU,0.9617921337119703,0.07299554,17.735708
3244985,OHSU,0.9341318359779698,0.08683503,20.996878
3244985,OHSU,0.930371178295602,0.09472239,23.118656
3286474,OHSU,0.9056742504163297,0.0986697,24.118576
3286474,OHSU,0.9470740698931683,0.08634662,21.764393
3286474,OHSU,0.9429782546154949,0.08636884,21.37892
3302025,OHSU,0.9740379986725934,0.06077393,14.777954
3302025,OHSU,0.9526463361818311,0.07923134,19.091234
3302025,OHSU,0.9364317568937398,0.08606919,21.363432
3358877,OHSU,0.954283696882666,0.07370046,17.858856
3358877,OHSU,0.9287161754342419,0.097017586,23.43702
3358877,OHSU,0.9721525085680942,0.06704141,15.988142
3466651,OHSU,0.9472404459342284,0.094724014,22.950718
3466651,OHSU,0.9326550325499542,0.09806542,23.714666
3466651,OHSU,0.840013140703879,0.16871317,41.25118
3470141,OHSU,0.9392492020574964,0.0901121,21.798416
3470141,OHSU,0.9235525959665171,0.10477219,25.147715
3470141,OHSU,0.9562504896261238,0.089524895,21.95562
3560456,OHSU,0.9441876262334512,0.075069845,18.323277
3560456,OHSU,0.9673039162719672,0.06804354,16.72048
3560456,OHSU,0.9176137492685663,0.10569958,25.601328
3652932,OHSU,0.9431625585244207,0.0819752,20.219995
3652932,OHSU,0.9365834452924532,0.087913126,21.579687
3652932,OHSU,0.9533357047293778,0.07714175,18.941996
3677724,OHSU,0.945140664457498,0.08033688,19.531567
3677724,OHSU,0.964356644573177,0.06599407,16.18042
3677724,OHSU,0.9272429021833909,0.08864668,21.525291
3684229,OHSU,0.9499478428427148,0.07248813,17.792118
3684229,OHSU,0.9686865536047347,0.07753352,18.926697
3684229,OHSU,0.9727648822081951,0.06260954,15.328499
3812101,OHSU,0.9614354027058564,0.07563323,18.564957
3812101,OHSU,0.9438181137206162,0.09750545,23.475912
3812101,OHSU,0.9244337173409101,0.117972694,28.412832
3848511,OHSU,0.9312954861531199,0.08363485,20.232925
3848511,OHSU,0.9362666969539952,0.08107478,19.66636
3848511,OHSU,0.9555694179194689,0.073844075,17.714552
3869075,OHSU,0.9064779367763073,0.10854288,26.38304
3869075,OHSU,0.9032375869486946,0.10600246,25.706802
3869075,OHSU,0.9407281211036513,0.093106724,22.69149
3899622,OHSU,0.9703564611630799,0.06590182,16.180069
3899622,OHSU,0.9692628542169597,0.06613005,15.877649
3899622,OHSU,0.9548074994342365,0.07130259,17.281204
4016887,OHSU,0.9088960381027454,0.098571345,23.857576
4016887,OHSU,0.9444255911191225,0.07970136,19.321096
4016887,OHSU,0.9584297115961021,0.07293506,17.73054
4046678,OHSU,0.9463150033368658,0.07578548,18.38247
4046678,OHSU,0.9423137249416962,0.07875926,19.052969
4046678,OHSU,0.9632421229592707,0.06855923,16.84308
4072305,OHSU,0.9599316276128578,0.07022459,16.946438
4072305,OHSU,0.9674048307829679,0.07914302,19.031857
4072305,OHSU,0.9323839806147509,0.09872113,23.739145
4072305,OHSU,0.9419666779262003,0.07849792,18.903282
4103874,OHSU,0.9385206498866944,0.09847046,24.17522
4103874,OHSU,0.9742440397314528,0.06276043,15.189731
4103874,OHSU,0.9263310295242053,0.101305336,24.693197
4219416,OHSU,0.9685681050208873,0.06538998,16.174107
4219416,OHSU,0.9742191705309619,0.061717167,15.030605
4219416,OHSU,0.9839880017705543,0.056946777,13.823263
4529116,OHSU,0.9780660741804906,0.058707062,14.19337
4529116,OHSU,0.9380074009078997,0.09315632,22.978573
4529116,OHSU,0.9403207225220416,0.084408574,20.412693
5302451,OHSU,0.9359660082552409,0.08430682,20.290005
5302451,OHSU,0.9500349147380437,0.0741086,18.496925
5302451,OHSU,0.9568754063676215,0.06935632,16.698345
6592761,OHSU,0.9655687022525486,0.073276415,17.96355
6592761,OHSU,0.9579881481468834,0.083889276,20.241508
6592761,OHSU,0.963346734486752,0.079766095,19.355738
6953386,OHSU,0.9507906270066299,0.07791082,18.99811
6953386,OHSU,0.9391308877734014,0.083377555,20.45729
6953386,OHSU,0.934894370871386,0.091003835,21.976858
7333005,OHSU,0.979130605430538,0.06512961,16.291473
7333005,OHSU,0.9295774922477162,0.10232326,24.786966
7333005,OHSU,0.9891840213138946,0.05594245,13.743031
8064456,OHSU,0.9649796416982604,0.07102397,17.277376
8064456,OHSU,0.9443593237447856,0.08888411,22.284887
8064456,OHSU,0.9444166532191717,0.08813836,21.74717
8218392,OHSU,0.9545693103804399,0.076308176,18.465757
8218392,OHSU,0.9661661510420217,0.06532598,15.891855
8218392,OHSU,0.860370751119554,0.1186809,28.813742
8720244,OHSU,0.9177200348971213,0.110803254,26.69592
8720244,OHSU,0.9703851437214701,0.06750765,16.820415
8720244,OHSU,0.9424612580389375,0.097409375,23.507072
9499804,OHSU,0.9408381412224166,0.08262439,19.989426
9499804,OHSU,0.9397061682710347,0.07689144,18.370789
9499804,OHSU,0.9697067157261523,0.056795444,13.943803
1056121,Peking_1,0.9810358534946884,0.038309947,9.421971
1113498,Peking_1,0.9859173070422635,0.035991635,8.770395
1133221,Peking_1,0.9775279388098833,0.039154116,9.526947
1139030,Peking_1,0.9849045951433056,0.037289593,9.016259
1186237,Peking_1,0.9769783473925836,0.039231036,9.74756
1240299,Peking_1,0.9810688499355479,0.03843121,9.351991
1258069,Peking_1,0.9838622826774107,0.03744342,9.050462
1282248,Peking_1,0.9624998932289075,0.04989712,12.5836525
1302449,Peking_1,0.9730070601408005,0.040473748,9.876696
1391181,Peking_1,0.9843297029197443,0.037651017,9.10811
1408093,Peking_1,0.9818544917019879,0.037162833,9.026212
1469171,Peking_1,0.9846850604402841,0.039840933,9.61081
1561488,Peking_1,0.9840883153570402,0.03661583,9.021177
1686092,Peking_1,0.9792219415435293,0.03529224,8.622206
1689948,Peking_1,0.9779044993031684,0.04180583,10.373452
1791543,Peking_1,0.9767817917278306,0.0452605,11.284879
1805037,Peking_1,0.9369781985948525,0.08201349,21.527555
1875711,Peking_1,0.9816193062762839,0.03775478,9.221407
1879542,Peking_1,0.9862866231862093,0.034113765,8.218303
1912810,Peking_1,0.9784625699518315,0.039965834,9.958204
1947991,Peking_1,0.9861557486002708,0.035206597,8.601024
2081754,Peking_1,0.978767101228158,0.044650447,10.978436
2106109,Peking_1,0.9668265089099524,0.048038084,12.081487
2123983,Peking_1,0.9843995877954743,0.03543332,8.585944
2174595,Peking_1,0.974139852548352,0.04479132,11.070424
2196753,Peking_1,0.9819268765062439,0.037507426,9.027371
2240562,Peking_1,0.9796783371770234,0.037852727,9.201422
2249443,Peking_1,0.9797247590247264,0.03840001,9.476187
2266806,Peking_1,0.9826521218226874,0.03586976,8.691025
2367157,Peking_1,0.9160535217646666,0.10855575,27.142925
2408774,Peking_1,0.9843725658991932,0.03770079,9.155808
2427408,Peking_1,0.9772924535856631,0.04489501,11.027677
2535087,Peking_1,0.9891586698121013,0.036246073,8.795425
2538839,Peking_1,0.9774068226343732,0.041001637,9.935431
2697768,Peking_1,0.9853318302841809,0.031772185,7.727872
2703336,Peking_1,0.9830522530259228,0.03680206,8.995023
2714224,Peking_1,0.9899064035943953,0.03139896,7.6065807
2833684,Peking_1,0.9815089759382593,0.038382232,9.29978
2897046,Peking_1,0.9799824562733999,0.037404254,9.025532
2910270,Peking_1,0.9797769039473478,0.038947947,9.461387
3004580,Peking_1,0.9845780362306813,0.04139872,10.159979
3086074,Peking_1,0.9850351913099873,0.03371051,8.161961
3212536,Peking_1,0.9807192807021052,0.038768023,9.462642
3233028,Peking_1,0.9785234873961426,0.03888398,9.461103
3239413,Peking_1,0.9496028330805918,0.06284683,16.461302
3262042,Peking_1,0.9756090131817409,0.04229555,10.383738
3269608,Peking_1,0.9636809678490492,0.05823063,14.381615
3306863,Peking_1,0.981476018107957,0.037724562,9.259703
3390312,Peking_1,0.9728671530528373,0.044861928,11.375912
3554582,Peking_1,0.9781295362169885,0.03774839,9.209239
3587000,Peking_1,0.9803839068458531,0.040983904,9.92627
3593327,Peking_1,0.9819409836728018,0.03511717,8.475535
3672854,Peking_1,0.9746355371828593,0.040774565,10.014517
3707771,Peking_1,0.9795438489884798,0.038340215,9.386515
3732101,Peking_1,0.9865578791088564,0.032189216,7.8164215
3739175,Peking_1,0.9876370566340336,0.03277793,8.026151
3809753,Peking_1,0.981305787734647,0.036060233,8.848007
3889095,Peking_1,0.9812748471408991,0.036302924,8.855457
3967265,Peking_1,0.9842122453337468,0.0375203,9.122901
3976121,Peking_1,0.9776709540192476,0.038050048,9.282774
3983607,Peking_1,0.9785040931705422,0.041530754,10.16068
4028266,Peking_1,0.9786770370625789,0.040022887,9.667703
4053836,Peking_1,0.9875632978496576,0.033584632,8.134215
4091983,Peking_1,0.9815799606973651,0.037699662,9.145864
4095748,Peking_1,0.9744010384221726,0.03888878,9.605003
4256491,Peking_1,0.9827192435882928,0.037895396,9.3459835
4334113,Peking_1,0.9752028784044692,0.04332519,10.508
4383707,Peking_1,0.9858249924929228,0.034228247,8.311124
4475709,Peking_1,0.9795578535092875,0.046012092,11.3949175
4921428,Peking_1,0.9753143385937612,0.04064136,10.122318
5150328,Peking_1,0.9712300753124246,0.055451248,13.542967
5193577,Peking_1,0.9747216772314987,0.036916755,8.992418
5600820,Peking_1,0.9838227097476929,0.036270104,8.7331295
6187322,Peking_1,0.9813433000135025,0.03831141,9.383308
7093319,Peking_1,0.9844223089244344,0.035206016,8.528935
7135128,Peking_1,0.9811463342760097,0.041263126,10.351812
7390867,Peking_1,0.9866249360082004,0.03607437,8.707573
8328877,Peking_1,0.9870130032353797,0.031137723,7.596848
8838009,Peking_1,0.9797360000153678,0.04796448,11.911397
9093997,Peking_1,0.9877559720633293,0.032867473,8.21271
9210521,Peking_1,0.9807145006345835,0.034247894,8.305799
9221927,Peking_1,0.9720891453854728,0.044191916,10.835379
9783279,Peking_1,0.9548538355615592,0.060642354,15.183166
9887336,Peking_1,0.9854600584599962,0.035063453,8.452589
9890726,Peking_1,0.9696579349049187,0.04913737,12.39594
1050975,Peking_2,0.988611819098882,0.032857414,7.9251184
1068505,Peking_2,0.9795488610553985,0.03527748,8.557638
1093743,Peking_2,0.9728428582063091,0.046117518,11.3329735
1094669,Peking_2,0.98178130236976,0.039823756,9.674778
1117299,Peking_2,0.9740288943560488,0.056780197,13.906029
1159908,Peking_2,0.9610882494213908,0.05812799,14.391785
1177160,Peking_2,0.9821624282591318,0.034824308,8.419517
1341865,Peking_2,0.9791206881564801,0.041130994,10.205145
1494102,Peking_2,0.9623016284145436,0.062125415,15.331722
1562298,Peking_2,0.9717039642154007,0.048952896,11.841645
1628610,Peking_2,0.9808380390064578,0.042052735,10.225574
1643780,Peking_2,0.979285438570167,0.03600105,8.813128
1809715,Peking_2,0.9837008733323159,0.032332595,7.9266224
1860323,Peking_2,0.8353892758751467,0.1345335,31.926365
1875013,Peking_2,0.9863861442856211,0.03430813,8.287908
1916266,Peking_2,0.9859876738679969,0.040458936,9.884696
2031422,Peking_2,0.9810090502266042,0.03574767,8.622848
2033178,Peking_2,0.9820552145411157,0.03709883,8.994416
2140063,Peking_2,0.976628960772425,0.035197254,8.583546
2141250,Peking_2,0.9727931520605081,0.04787922,11.579104
2207418,Peking_2,0.9839588843962299,0.04051124,9.899574
2296326,Peking_2,0.8906691565728622,0.12633209,29.802532
2310449,Peking_2,0.984565297722364,0.03469984,8.459523
2377207,Peking_2,0.9854064053583135,0.039021034,9.537507
2498847,Peking_2,0.9623911138727247,0.050532732,12.508291
2529026,Peking_2,0.9857582379310723,0.039165676,9.557039
2559537,Peking_2,0.9738397339977201,0.04882286,11.918192
2601519,Peking_2,0.9793974936173783,0.051256064,12.493988
2659769,Peking_2,0.9837231703209126,0.03809394,9.291349
2737106,Peking_2,0.9793314845382611,0.039745405,9.732106
2884672,Peking_2,0.9748676869326897,0.04599459,11.247533
2919220,Peking_2,0.9800919860201304,0.03845319,9.329407
2950754,Peking_2,0.9797944014481274,0.038555354,9.297705
3157406,Peking_2,0.979715240561,0.03741818,9.074155
3194757,Peking_2,0.981160487779863,0.03732907,9.029522
3205761,Peking_2,0.9749824820988827,0.04065988,9.8347845
3248920,Peking_2,0.9816348627186999,0.038633134,9.388097
3308331,Peking_2,0.9700947254868456,0.039866503,9.683101
3446674,Peking_2,0.9806930192639006,0.037037972,8.920148
3494778,Peking_2,0.9765311041872031,0.042303365,10.18125
3561920,Peking_2,0.9696964472193085,0.048455905,11.956022
3562883,Peking_2,0.9887195915705994,0.02960833,7.225258
3610134,Peking_2,0.9797097647020574,0.04014481,9.891099
3655623,Peking_2,0.9819373478257679,0.035295386,8.607155
3691107,Peking_2,0.9459193282148964,0.058383044,13.969187
3827352,Peking_2,0.9816357045066565,0.04267782,10.481921
3856956,Peking_2,0.9543338137809915,0.05440717,12.996591
3910672,Peking_2,0.9890071948767336,0.032970168,7.916027
3993793,Peking_2,0.9810736185816803,0.04344163,10.964831
3994098,Peking_2,0.9766437480292803,0.048562713,12.143777
4053388,Peking_2,0.9810179307031631,0.04229146,10.304015
4055710,Peking_2,0.9835716312890411,0.0417547,10.280052
4073815,Peking_2,0.9546839735328557,0.053542588,13.444476
4075719,Peking_2,0.9727987710323838,0.04383325,10.716246
4221029,Peking_2,0.9724286022604633,0.04863671,11.729359
4225073,Peking_2,0.9794244256427583,0.05284147,12.94091
4265987,Peking_2,0.9831041566397601,0.03609888,8.719341
5993008,Peking_2,0.9803812209823082,0.040238388,9.815636
6500128,Peking_2,0.9812924711834511,0.037438504,9.121018
7011503,Peking_2,0.9760217470325978,0.044493333,10.885581
7253183,Peking_2,0.9857753285321182,0.0335596,8.1173
7407032,Peking_2,0.9789787831972557,0.041592285,10.271753
7689953,Peking_2,0.9761028163431982,0.044600133,10.991743
8278680,Peking_2,0.9823833106169535,0.038964096,9.461287
9002207,Peking_2,0.9766832283200036,0.04033873,10.008934
9578631,Peking_2,0.9788212387419672,0.04482806,10.991272
9640133,Peking_2,0.9836070758535814,0.038030162,9.3897085
1050345,Peking_3,0.9851058561823794,0.035957944,8.790738
1132854,Peking_3,0.9778008517866977,0.036618903,8.870234
1356553,Peking_3,0.9638499754944457,0.045272265,11.609586
1399863,Peking_3,0.956822642387106,0.052314956,13.006743
1404738,Peking_3,0.9570578007623952,0.053635787,13.300797
1411536,Peking_3,0.9822503012810202,0.03871527,9.483323
1662160,Peking_3,0.9744761538391569,0.03991372,9.73632
1771270,Peking_3,0.979179247256856,0.041246686,10.2962
1794770,Peking_3,0.962575816265796,0.053154685,13.112535
1843546,Peking_3,0.9838670447451593,0.038649928,9.537919
2107404,Peking_3,0.9410056833405197,0.063759804,15.543535
2208591,Peking_3,0.9808136355413773,0.04501223,11.064896
2228148,Peking_3,0.9729533988524549,0.04775115,11.656075
2268253,Peking_3,0.9860410386346928,0.037092928,8.982137
2276801,Peking_3,0.974636954371034,0.043047596,10.592319
2493190,Peking_3,0.9900446477423509,0.032327008,7.8220215
2524687,Peking_3,0.9808283464487502,0.041161913,10.001342
2780647,Peking_3,0.9864878429267501,0.0357505,8.743094
2907951,Peking_3,0.9821817856289812,0.037918586,9.299472
2940712,Peking_3,0.9801404093619704,0.04069458,9.939011
2984158,Peking_3,0.9858291016205362,0.033391412,8.242989
3224401,Peking_3,0.9803290833001007,0.040320683,9.986228
3277313,Peking_3,0.9824994633345254,0.04107839,10.010549
3291029,Peking_3,0.967222072069085,0.06119989,14.78561
3385520,Peking_3,0.9780739958808062,0.043604415,10.576047
3473830,Peking_3,0.9638026731192151,0.050852414,12.551228
3624598,Peking_3,0.9844055702015595,0.037022833,9.039468
3672300,Peking_3,0.9756121758354532,0.04479045,11.048566
3712305,Peking_3,0.9796580446430915,0.04387422,10.983531
3803759,Peking_3,0.9854107567799848,0.033613026,8.149772
3870624,Peking_3,0.9751010745602736,0.041966587,10.568756
3930512,Peking_3,0.9766711487222174,0.04359123,10.72145
4006710,Peking_3,0.9845052630374098,0.03414725,8.422761
4048810,Peking_3,0.9860719055860575,0.035613447,8.691206
4136226,Peking_3,0.982846979903688,0.037908018,9.249363
4241194,Peking_3,0.9630023139471867,0.051810637,12.80903
5575344,Peking_3,0.9841338485740379,0.038390778,9.333103
5669389,Peking_3,0.9828370848729732,0.035883,8.860899
6383713,Peking_3,0.9715889068096997,0.0493646,12.319457
6477085,Peking_3,0.9707539326081481,0.048486214,11.938903
7994085,Peking_3,0.9760653753336098,0.041721,10.357618
8191384,Peking_3,0.9853225750095704,0.03545138,8.636787
16001,Pittsburgh,0.9600163238181105,0.05915497,14.430614
16002,Pittsburgh,0.9589392527583459,0.060822073,14.789425
16003,Pittsburgh,0.9552065088372871,0.05854011,14.625019
16004,Pittsburgh,0.9830707085059052,0.0435145,10.741035
16005,Pittsburgh,0.9666055711853353,0.052956354,12.764594
16006,Pittsburgh,0.9729009788801808,0.046764556,11.4173
16007,Pittsburgh,0.9435243262049432,0.08209034,20.158863
16008,Pittsburgh,0.956165514196896,0.056341432,13.675212
16009,Pittsburgh,0.9757947319510136,0.047899432,11.661943
16010,Pittsburgh,0.96276167017385,0.059757344,14.605014
16011,Pittsburgh,0.9631766619403589,0.05713002,14.069604
16012,Pittsburgh,0.9731048157768142,0.04501964,10.94428
16013,Pittsburgh,0.96797172673521,0.04976751,12.030304
16014,Pittsburgh,0.9580564144533107,0.056172937,14.288176
16015,Pittsburgh,0.9215658622302239,0.08841897,22.22179
16016,Pittsburgh,0.9638300364839869,0.05438615,13.263362
16017,Pittsburgh,0.9658530748654893,0.072239555,17.755388
16018,Pittsburgh,0.985220502977377,0.047852173,12.163186
16019,Pittsburgh,0.9623250625068337,0.06053525,14.634462
16020,Pittsburgh,0.9790471572973751,0.04543871,11.020684
16021,Pittsburgh,0.9679052410390617,0.051262572,12.525065
16022,Pittsburgh,0.960528024348765,0.05136219,12.541095
16023,Pittsburgh,0.9829721600371102,0.046744682,11.484457
16024,Pittsburgh,0.9196266939130884,0.0881571,21.330168
16025,Pittsburgh,0.9552244367993844,0.06311108,15.882559
16026,Pittsburgh,0.9565636222696833,0.06988461,17.306662
16027,Pittsburgh,0.9581938117781387,0.060175,14.553766
16028,Pittsburgh,0.9692041099479844,0.050814927,12.580408
16029,Pittsburgh,0.9595293037504775,0.059729632,14.339698
16030,Pittsburgh,0.9614254914442225,0.053377558,13.025576
16031,Pittsburgh,0.9590428142690215,0.05536786,13.446003
16032,Pittsburgh,0.9692988606937676,0.04948427,11.987342
16033,Pittsburgh,0.9722294483154857,0.05230979,12.66011
16034,Pittsburgh,0.9398883364112512,0.070540726,17.376204
16035,Pittsburgh,0.9562438459560841,0.055007815,13.391842
16036,Pittsburgh,0.9753088178541125,0.04472956,10.853082
16037,Pittsburgh,0.9582260523939414,0.05395449,13.0879755
16038,Pittsburgh,0.9814349441659295,0.04623141,11.332641
16039,Pittsburgh,0.9562789539193587,0.059705924,14.622636
16041,Pittsburgh,0.9697791779088811,0.053294376,13.029708
16042,Pittsburgh,0.9703407988066354,0.050072536,12.07559
16043,Pittsburgh,0.9644798749488203,0.05089852,12.376146
16044,Pittsburgh,0.9709635296263048,0.05161007,12.583659
16045,Pittsburgh,0.9754239849885126,0.04696101,11.5018835
16046,Pittsburgh,0.9706430771086733,0.048683435,11.866423
16047,Pittsburgh,0.9689850072918291,0.056779582,13.777371
16048,Pittsburgh,0.9061081237643044,0.09257376,23.834705
16049,Pittsburgh,0.973970913529246,0.043458752,10.605264
16050,Pittsburgh,0.9839242005275883,0.042216618,10.301201
16051,Pittsburgh,0.9464497798039971,0.075914145,18.728447
16052,Pittsburgh,0.9714200682465569,0.055968106,13.790856
16053,Pittsburgh,0.9614775986897023,0.06524195,16.15375
16054,Pittsburgh,0.9421899532729404,0.06582347,16.304964
16055,Pittsburgh,0.9665303654805902,0.056077953,13.806101
16056,Pittsburgh,0.9633141318899378,0.061512206,15.243512
16057,Pittsburgh,0.9689065694716391,0.05068377,12.406208
16058,Pittsburgh,0.9710105660390309,0.05430408,13.362932
16059,Pittsburgh,0.9667864502869788,0.050340347,12.261276
16060,Pittsburgh,0.9715436848683747,0.05323382,12.849856
16061,Pittsburgh,0.9779434129461935,0.05120555,12.428597
16062,Pittsburgh,0.9745407711744095,0.053418186,12.999141
16063,Pittsburgh,0.977540519463638,0.051269155,12.531332
16064,Pittsburgh,0.968105919669555,0.0533902,12.892642
16065,Pittsburgh,0.9669623817225508,0.053367157,12.950046
16066,Pittsburgh,0.9353524157153094,0.069232665,16.735914
16067,Pittsburgh,0.9645672507174279,0.050989542,12.45753
16068,Pittsburgh,0.9720345397196193,0.04994047,12.079454
16069,Pittsburgh,0.9426947706778313,0.077749915,18.64915
16070,Pittsburgh,0.9729063860476305,0.052684,12.701452
16071,Pittsburgh,0.9651157817232198,0.055595726,13.75836
16072,Pittsburgh,0.9464596882510997,0.068457164,16.676819
16073,Pittsburgh,0.9707803583762066,0.05070104,12.333803
16074,Pittsburgh,0.9729933588004367,0.049783953,12.117287
16075,Pittsburgh,0.9681111093793561,0.049842745,12.187955
16076,Pittsburgh,0.9716595179277068,0.050656978,12.355828
16077,Pittsburgh,0.9704236516706567,0.053282395,12.880981
16078,Pittsburgh,0.9621400793719431,0.057405572,14.074415
16079,Pittsburgh,0.9441102203964504,0.09298759,22.791712
16080,Pittsburgh,0.9645192141040511,0.05532298,13.440471
16081,Pittsburgh,0.9668675018658538,0.055525977,13.539083
16082,Pittsburgh,0.9810029763404043,0.04835276,11.789157
16083,Pittsburgh,0.9548841050287992,0.07108773,17.638178
16084,Pittsburgh,0.9668480495473356,0.055768676,13.56458
16085,Pittsburgh,0.9763204843804308,0.047899507,11.622822
16086,Pittsburgh,0.973764752567363,0.05481301,13.406505
16087,Pittsburgh,0.9682080279586203,0.049346957,11.883956
16088,Pittsburgh,0.9692756879490817,0.053265627,12.859482
16089,Pittsburgh,0.9741319479780857,0.0502317,12.307279
15001,WashU,0.9562381588484984,0.069887675,16.996124
15001,WashU,0.9599406046576674,0.07188546,17.625187
15001,WashU,0.9511778260113178,0.073161095,18.103666
15001,WashU,0.9378619857257577,0.0865429,20.883501
15001,WashU,0.9506092770445516,0.07799761,19.525875
15001,WashU,0.9367597280250543,0.08644215,21.189438
15002,WashU,0.9464255301782177,0.076272376,18.501522
15002,WashU,0.9435771085331237,0.08252904,20.272089
15002,WashU,0.9415442147551013,0.07800096,18.819548
15002,WashU,0.9387136865957475,0.086561754,20.990816
15002,WashU,0.9724580508951555,0.06411916,15.990613
15002,WashU,0.9365617203322066,0.10127727,24.67748
15003,WashU,0.9534274606933159,0.07337686,17.90835
15003,WashU,0.9464687086677082,0.07650633,18.31855
15003,WashU,0.9095768693003905,0.0977907,24.05587
15003,WashU,0.9267083156954669,0.09165821,22.225855
15003,WashU,0.9452669336779157,0.074333355,17.880943
15003,WashU,0.9460867463395053,0.07592567,18.517689
15004,WashU,0.9532043830432745,0.078614056,19.551323
15004,WashU,0.9213767338589807,0.098916955,24.318504
15004,WashU,0.9866710570163786,0.051854294,12.830844
15004,WashU,0.9261484195910714,0.09394212,23.02632
15004,WashU,0.9611343680896443,0.073376596,17.79967
15004,WashU,0.9309502369199059,0.08767961,21.358898
15005,WashU,0.9723064269535674,0.05174482,12.559304
15005,WashU,0.9565248024489152,0.05895393,14.658118
15006,WashU,0.980227860050288,0.047487482,11.530041
15006,WashU,0.9793664085809528,0.049488887,12.187426
15007,WashU,0.9723865253815418,0.04634694,11.240261
15007,WashU,0.9658100775351187,0.051469665,12.507243
15008,WashU,0.9657197724695943,0.05274863,12.853556
15008,WashU,0.9238735237609327,0.084615745,20.457193
15012,WashU,0.9367430539234783,0.078563936,19.18507
15013,WashU,0.9807708759011557,0.03972841,9.774225
15014,WashU,0.9674682251527212,0.05088547,12.459339
15015,WashU,0.9303057858432319,0.08030598,19.321625
15016,WashU,0.9776855888940547,0.04816677,11.814037
15017,WashU,0.9639792715330392,0.04956274,12.050853
15019,WashU,0.9645061596927303,0.053854544,13.031986
15020,WashU,0.9857400125161451,0.049615275,12.043625
15021,WashU,0.9588396197982815,0.06554116,16.199354
15022,WashU,0.9694816857429734,0.061610747,15.087305
15023,WashU,0.938335968101415,0.08315967,20.015085
15024,WashU,0.9586228523419992,0.056652162,13.904632
15025,WashU,0.9335354371871789,0.08227235,19.922068
15026,WashU,0.9728111617103168,0.045282904,11.051945
15026,WashU,0.9580788469769532,0.054969788,13.532256
15026,WashU,0.9577052210997218,0.05709443,13.815869
15027,WashU,0.9606599368740689,0.056651454,13.773864
15027,WashU,0.9703453852416438,0.05005586,12.193038
15027,WashU,0.9638499245492078,0.05752491,13.874172
15028,WashU,0.9583226435635045,0.05742892,13.957095
15028,WashU,0.9748834916694311,0.044553556,10.896475
15028,WashU,0.9626875662667351,0.05487952,13.432155
15029,WashU,0.9628290365806216,0.052842777,12.859502
15029,WashU,0.9660732993999004,0.05199531,12.729548
15029,WashU,0.9719574390908807,0.04831855,11.923352
15030,WashU,0.9658628406133559,0.04962545,12.123631
15030,WashU,0.9668012279053813,0.048514888,11.712839
15030,WashU,0.9636666852127831,0.054669373,13.3026
15031,WashU,0.9576382211214205,0.055497468,13.796475
15031,WashU,0.9785506657626685,0.04661371,11.224605
15031,WashU,0.9719118748197407,0.05025756,12.250827
15032,WashU,0.9656756181596658,0.051711537,12.724885
15032,WashU,0.9606680443677775,0.05559463,13.646051
15032,WashU,0.9750455285310403,0.055678446,13.519491
15033,WashU,0.9648663463283815,0.050591543,12.441241
15033,WashU,0.9625666800475494,0.056274176,13.836601
15033,WashU,0.9767970659036258,0.047420472,11.602132
15034,WashU,0.9734848219872582,0.047771215,11.882643
15034,WashU,0.9782508501896322,0.04993261,12.133116
15034,WashU,0.9844245215328258,0.044618636,11.028255
15035,WashU,0.9765178078335448,0.04437079,10.800788
15035,WashU,0.9593067310002388,0.06453053,15.756071
15035,WashU,0.9360983127912167,0.06805882,16.838287
15036,WashU,0.9586061068215128,0.058294553,14.217968
15036,WashU,0.9779573725111509,0.04225166,10.423683
15036,WashU,0.9724488019838446,0.058719,14.274442
15037,WashU,0.9686194649506806,0.057642695,14.170848
15037,WashU,0.9080461433041479,0.12137059,29.171003
15037,WashU,0.9693910833874806,0.057809196,14.483989
15039,WashU,0.9644343076930942,0.050431103,12.285527
15039,WashU,0.9669401725885337,0.051762216,12.734321
15039,WashU,0.9741718514971873,0.04544026,10.9960165
15040,WashU,0.9796768661074016,0.043567926,10.603748
15040,WashU,0.9329396487271743,0.074775934,18.159594
15040,WashU,0.9511298950844659,0.060282182,14.963545
15041,WashU,0.9750663155600704,0.044865623,10.896326
15041,WashU,0.9709950559688528,0.053261448,12.799765
15041,WashU,0.9596845284782723,0.06070064,14.926128
15042,WashU,0.9737710298972292,0.045765124,11.16593
15042,WashU,0.9547516251525376,0.057887334,14.390064
15042,WashU,0.9657541134045111,0.05046611,12.316981
15043,WashU,0.9686821043343276,0.049675606,12.195543
15043,WashU,0.9406739366420285,0.066488,16.441883
15043,WashU,0.9557555305223914,0.06073093,15.200508
15044,WashU,0.9493466411830286,0.059780322,14.6058655
15044,WashU,0.9712060677437362,0.05156921,12.761397
15044,WashU,0.9866735748041007,0.03837498,9.464587
15045,WashU,0.9734104154745717,0.045141153,10.98821
15045,WashU,0.9654452642325521,0.05399251,13.053769
15045,WashU,0.9622222450765547,0.052857924,13.083503
15046,WashU,0.960722047680695,0.064674996,16.007517
15046,WashU,0.957942105385375,0.078381404,18.768757
15047,WashU,0.9450613883657928,0.098321795,24.679214
15047,WashU,0.9770101274466207,0.054152627,13.279168
15047,WashU,0.8270193533638445,0.12743765,32.100403
15048,WashU,0.9580177285933629,0.057499334,13.978081
15048,WashU,0.9564853877008936,0.060885217,14.848261
15048,WashU,0.9827636869410187,0.040676247,9.861798
15049,WashU,0.9427967354359617,0.073374204,18.475775
15049,WashU,0.965144291140017,0.06518773,15.891101
15049,WashU,0.9792878849229228,0.04934861,12.109721
15050,WashU,0.9673581668464197,0.054932043,13.579178
15050,WashU,0.9677299375243893,0.053748917,13.047419
15050,WashU,0.9729935664744815,0.054493792,13.271899
15051,WashU,0.9188114408957611,0.09545168,22.88604
15051,WashU,0.8839681553739314,0.11134774,26.71389
15052,WashU,0.9374820712930054,0.07152416,18.056356
15052,WashU,0.9716860384429792,0.051494323,12.478134
15052,WashU,0.9679968774037905,0.058973987,14.182173
15053,WashU,0.9803159803752329,0.042688727,10.367578
15053,WashU,0.9686013392513149,0.05445538,13.120623
15053,WashU,0.9701166086872101,0.047773074,11.687246
15054,WashU,0.9751418635656727,0.04705683,11.360502
15054,WashU,0.9562945804825187,0.060317434,14.681656
15054,WashU,0.9656052546011532,0.05498348,13.659507
15055,WashU,0.9640580326068976,0.049307745,12.083415
15055,WashU,0.9643199451822442,0.059252482,14.494799
15056,WashU,0.976190558616399,0.047641076,11.714859
15056,WashU,0.9479865925745926,0.07794613,18.975115
15057,WashU,0.9659788006319019,0.052097566,12.770644
15057,WashU,0.9841686959961926,0.044095732,10.791601
15057,WashU,0.9636659302657516,0.060860347,14.88662
15058,WashU,0.952120642165175,0.0657963,16.129198
15058,WashU,0.9665068476579501,0.04953232,12.115643
15058,WashU,0.964541048166438,0.049367007,11.981746
15059,WashU,0.9844126025667078,0.0488014,11.921193
15059,WashU,0.9651786934265809,0.04929289,12.135612
15059,WashU,0.9205074910665189,0.09925016,23.84994
15060,WashU,0.9647883795736893,0.053231936,13.036365
15060,WashU,0.9680101289913859,0.056117967,13.644759
15060,WashU,0.9650515127227346,0.062831014,15.289909
15061,WashU,0.9576979659303021,0.057932906,14.355282
15061,WashU,0.9612762240029196,0.07037537,16.960981
15061,WashU,0.9627102388000913,0.058996346,14.394081
15062,WashU,0.9688750014851732,0.050006267,12.134426
15062,WashU,0.9760757676440146,0.046237357,11.367732
15062,WashU,0.9623984577553255,0.05491641,13.185391
