subject_id,site,diagnosis,exp06_aligned,exp07_clean_prefix,exp07_combined_index,exp07_split
1018959,3,0,1,1,0,train
1019436,3,1,1,1,1,test
1043241,3,0,1,1,2,test
1266183,3,0,1,1,3,test
1535233,3,0,1,1,4,train
1541812,3,1,1,1,5,train
1577042,3,1,1,1,6,train
1594156,3,0,1,1,7,train
1623716,3,1,1,1,8,train
1638334,3,0,1,1,9,validation
1652369,3,0,1,1,10,train
1686265,3,0,1,1,11,train
1692275,3,0,1,1,12,train
1735881,3,0,1,1,13,validation
1779922,3,0,1,1,14,validation
1842819,3,0,1,1,15,train
1846346,3,0,1,1,16,train
1873761,3,1,1,1,17,test
1962503,3,0,1,1,18,validation
1988015,3,0,1,1,19,test
1996183,3,1,1,1,20,validation
2014113,3,1,1,1,21,train
2018106,3,0,1,1,22,validation
2026113,3,1,1,1,23,test
2081148,3,1,1,1,24,train
2104012,3,0,1,1,25,validation
2138826,3,0,1,1,26,validation
2299519,3,1,1,1,27,train
2344857,3,0,1,1,28,train
2360428,3,0,1,1,29,train
2371032,3,0,1,1,30,test
2554127,3,0,1,1,31,test
2558999,3,0,1,1,32,train
2572285,3,0,1,1,33,test
2601925,3,0,1,1,34,train
2618929,3,0,1,1,35,train
2621228,3,0,1,1,36,train
2640795,3,0,1,1,37,train
2641332,3,0,1,1,38,train
2703289,3,0,1,1,39,test
2740232,3,0,1,1,40,train
2768273,3,0,1,1,41,train
2822304,3,0,1,1,42,train
2903997,3,0,1,1,43,train
2917777,3,0,1,1,44,train
2930625,3,0,1,1,45,train
3103809,3,0,1,1,46,train
3119327,3,1,1,1,47,test
3154996,3,1,1,1,48,train
3160561,3,1,1,1,49,train
3170319,3,1,1,1,50,train
3310328,3,1,1,1,51,validation
3434578,3,0,1,1,52,test
3486975,3,0,1,1,53,train
3519022,3,1,1,1,54,validation
3611827,3,1,1,1,55,train
3699991,3,0,1,1,56,train
3713230,3,0,1,1,57,train
3813783,3,0,1,1,58,train
3884955,3,0,1,1,59,train
3902469,3,0,1,1,60,train
3912996,3,0,1,1,61,train
3917422,3,1,1,1,62,train
3972472,3,0,1,1,63,train
3972956,3,0,1,1,64,train
4104523,3,0,1,1,65,train
4154182,3,0,1,1,66,train
4275075,3,1,1,1,67,validation
4362730,3,1,1,1,68,validation
4601682,3,0,1,1,69,validation
5216908,3,0,1,1,70,validation
6346605,3,0,1,1,71,test
6453038,3,1,1,1,72,train
7129258,3,0,1,1,73,test
7415617,3,0,1,1,74,train
7774305,3,0,1,1,75,validation
8083695,3,0,1,1,76,train
8263351,3,0,1,1,77,train
8337695,3,1,1,1,78,train
8432725,3,0,1,1,79,train
8628223,3,0,1,1,80,train
8658218,3,0,1,1,81,test
9922944,3,0,1,1,82,test
1000804,5,0,1,1,83,train
1023964,5,1,1,1,84,train
1057962,5,1,1,1,85,train
1099481,5,1,1,1,86,train
1127915,5,0,1,1,87,train
1187766,5,1,1,1,88,train
1208795,5,1,1,1,89,train
1283494,5,1,1,1,90,test
1320247,5,0,1,1,91,test
1359325,5,0,1,1,92,train
1435954,5,0,1,1,93,train
1471736,5,1,1,1,94,train
1497055,5,1,1,1,95,train
1511464,5,1,1,1,96,train
1517240,5,1,1,1,97,validation
1567356,5,0,1,1,98,validation
1700637,5,0,1,1,99,train
1737393,5,0,1,1,100,validation
1740607,5,1,1,1,101,test
1780174,5,1,1,1,102,train
1854959,5,0,1,1,103,train
1875084,5,0,1,1,104,train
1884448,5,0,1,1,105,test
1918630,5,1,1,1,106,test
1934623,5,0,1,1,107,train
1992284,5,1,1,1,108,train
1995121,5,0,1,1,109,train
2030383,5,1,1,1,110,train
2054438,5,1,1,1,111,validation
2107638,5,1,1,1,112,test
2136051,5,0,1,1,113,test
2230510,5,1,1,1,114,validation
2260910,5,1,1,1,115,test
2297413,5,1,1,1,116,test
2306976,5,1,1,1,117,train
2497695,5,1,1,1,118,train
2570769,5,1,1,1,119,validation
2682736,5,1,1,1,120,train
2730704,5,0,1,1,121,train
2735617,5,0,1,1,122,train
2741068,5,1,1,1,123,train
2773205,5,1,1,1,124,validation
2821683,5,1,1,1,125,train
2854839,5,1,1,1,126,train
2907383,5,0,1,1,127,validation
2950672,5,1,1,1,128,train
2983819,5,1,1,1,129,train
2991307,5,0,1,1,130,train
2996531,5,1,1,1,131,train
3011311,5,0,1,1,132,test
3163200,5,0,1,1,133,validation
3174224,5,1,1,1,134,train
3235580,5,1,1,1,135,train
3243657,5,0,1,1,136,train
3349205,5,1,1,1,137,train
3349423,5,0,1,1,138,test
3433846,5,1,1,1,139,train
3441455,5,1,1,1,140,train
3457975,5,1,1,1,141,test
3518345,5,0,1,1,142,train
3542588,5,1,1,1,143,train
3601861,5,1,1,1,144,train
3619797,5,1,1,1,145,train
3650634,5,0,1,1,146,train
3653737,5,1,1,1,147,test
3662296,5,0,1,1,148,test
3679455,5,1,1,1,149,test
3845761,5,0,1,1,150,test
3999344,5,0,1,1,151,train
4060823,5,1,1,1,152,validation
4079254,5,0,1,1,153,train
4084645,5,0,1,1,154,validation
4095229,5,1,1,1,155,train
4116166,5,1,1,1,156,train
4154672,5,1,1,1,157,test
4164316,5,0,1,1,158,train
4187857,5,1,1,1,159,train
4562206,5,0,1,1,160,train
4827048,5,0,1,1,161,train
5164727,5,1,1,0,,
5971050,5,1,1,0,,
6206397,5,0,1,0,,
6568351,5,0,1,0,,
8009688,5,1,1,0,,
8415034,5,0,1,0,,
8692452,5,0,1,0,,
8697774,5,1,1,0,,
8834383,5,0,1,0,,
8915162,5,1,1,0,,
9326955,5,1,1,0,,
9578663,5,0,1,0,,
9750701,5,0,1,0,,
9907452,5,1,1,0,,
1084283,6,1,1,0,,
1084884,6,0,1,0,,
1108916,6,1,1,0,,
1206380,6,1,1,0,,
1340333,6,1,1,0,,
1386056,6,0,1,0,,
1411223,6,1,1,0,,
1418396,6,0,1,0,,
1421489,6,0,1,0,,
1481430,6,0,1,0,,
1502229,6,0,1,0,,
1536593,6,1,1,0,,
1548937,6,0,1,0,,
1552181,6,1,1,0,,
1647968,6,0,1,0,,
1664335,6,0,1,0,,
1679142,6,0,1,0,,
1696588,6,0,1,0,,
1743472,6,1,1,0,,
2054310,6,1,1,0,,
2054998,6,0,1,0,,
2071989,6,1,1,0,,
2124248,6,0,1,0,,
2155356,6,0,1,0,,
2232376,6,0,1,0,,
2232413,6,0,1,0,,
2288903,6,1,1,0,,
2292940,6,1,1,0,,
2409220,6,0,1,0,,
2415970,6,1,1,0,,
2426523,6,0,1,0,,
2427434,6,0,1,0,,
2455205,6,1,1,0,,
2535204,6,1,1,0,,
2559559,6,1,1,0,,
2561174,6,1,1,0,,
2571197,6,1,1,0,,
2578455,6,0,1,0,,
2620872,6,1,1,0,,
2790141,6,1,1,0,,
2845989,6,1,1,0,,
2920716,6,0,1,0,,
2929195,6,1,1,0,,
2947936,6,0,1,0,,
2959809,6,0,1,0,,
3048401,6,0,1,0,,
3051944,6,0,1,0,,
3052540,6,1,1,0,,
3162671,6,0,1,0,,
3206978,6,0,1,0,,
3212875,6,0,1,0,,
3244985,6,0,1,0,,
3286474,6,1,1,0,,
3302025,6,0,1,0,,
3358877,6,1,1,0,,
3466651,6,1,1,0,,
3470141,6,1,1,0,,
3560456,6,1,1,0,,
3652932,6,1,1,0,,
3677724,6,1,1,0,,
3684229,6,1,1,0,,
3812101,6,0,1,0,,
3848511,6,0,1,0,,
3869075,6,0,1,0,,
3899622,6,0,1,0,,
4016887,6,1,1,0,,
4046678,6,0,1,0,,
4072305,6,1,1,0,,
4103874,6,0,1,0,,
4219416,6,0,1,0,,
4529116,6,0,1,0,,
5302451,6,1,1,0,,
6592761,6,0,1,0,,
6953386,6,1,1,0,,
7333005,6,1,1,0,,
8064456,6,0,1,0,,
8218392,6,0,1,0,,
8720244,6,1,1,0,,
9499804,6,0,1,0,,
1038415,1,1,1,0,,
1056121,1,0,1,0,,
1113498,1,0,1,0,,
1133221,1,1,1,0,,
1139030,1,0,1,0,,
1186237,1,1,1,0,,
1201251,1,1,1,0,,
1240299,1,1,1,0,,
1245758,1,0,1,0,,
1253411,1,0,1,0,,
1258069,1,0,1,0,,
1282248,1,1,1,0,,
1302449,1,0,1,0,,
1391181,1,0,1,0,,
1408093,1,0,1,0,,
1419103,1,0,1,0,,
1469171,1,0,1,0,,
1517058,1,0,1,0,,
1561488,1,1,1,0,,
1581470,1,0,1,0,,
1686092,1,0,1,0,,
1689948,1,0,1,0,,
1784368,1,1,1,0,,
1791543,1,1,1,0,,
1805037,1,0,1,0,,
1849382,1,0,1,0,,
1854691,1,0,1,0,,
1875711,1,0,1,0,,
1879542,1,0,1,0,,
1883688,1,1,1,0,,
1912810,1,0,1,0,,
1947991,1,1,1,0,,
1951511,1,0,1,0,,
1985430,1,0,1,0,,
2024999,1,1,1,0,,
2051479,1,0,1,0,,
2081754,1,0,1,0,,
2101067,1,0,1,0,,
2106109,1,0,1,0,,
2123983,1,0,1,0,,
2174595,1,1,1,0,,
2196753,1,1,1,0,,
2240562,1,0,1,0,,
2249443,1,0,1,0,,
2266806,1,0,1,0,,
2275786,1,0,1,0,,
2342030,1,0,1,0,,
2367157,1,1,1,0,,
2380326,1,1,1,0,,
2380967,1,1,1,0,,
2408774,1,0,1,0,,
2411995,1,0,1,0,,
2427408,1,0,1,0,,
2443191,1,0,1,0,,
2488729,1,0,1,0,,
2505328,1,1,1,0,,
2511886,1,0,1,0,,
2528407,1,0,1,0,,
2535087,1,0,1,0,,
2538839,1,0,1,0,,
2591713,1,0,1,0,,
2599965,1,1,1,0,,
2628237,1,1,1,0,,
2697768,1,1,1,0,,
2703336,1,0,1,0,,
2714224,1,0,1,0,,
2833684,1,0,1,0,,
2872641,1,0,1,0,,
2897046,1,1,1,0,,
2910270,1,1,1,0,,
3004580,1,0,1,0,,
3086074,1,0,1,0,,
3107623,1,0,1,0,,
3124419,1,1,1,0,,
3169448,1,1,1,0,,
3212536,1,0,1,0,,
3233028,1,0,1,0,,
3239413,1,0,1,0,,
3262042,1,0,1,0,,
3269608,1,0,1,0,,
3306863,1,0,1,0,,
3313497,1,1,1,0,,
3320367,1,0,1,0,,
3348989,1,0,1,0,,
3378296,1,1,1,0,,
3390312,1,1,1,0,,
3407871,1,1,1,0,,
3504058,1,1,1,0,,
3520880,1,1,1,0,,
3554582,1,0,1,0,,
3559087,1,1,1,0,,
3587000,1,0,1,0,,
3593327,1,0,1,0,,
3605062,1,0,1,0,,
3672854,1,0,1,0,,
3707771,1,0,1,0,,
3732101,1,0,1,0,,
3739175,1,0,1,0,,
3767334,1,1,1,0,,
3809753,1,0,1,0,,
3834703,1,1,1,0,,
3889095,1,0,1,0,,
3967265,1,0,1,0,,
3976121,1,1,1,0,,
3983607,1,1,1,0,,
4028266,1,1,1,0,,
4053836,1,0,1,0,,
4091983,1,1,1,0,,
4095748,1,1,1,0,,
4125514,1,0,1,0,,
4256491,1,0,1,0,,
4334113,1,1,1,0,,
4383707,1,0,1,0,,
4475709,1,0,1,0,,
4921428,1,0,1,0,,
5150328,1,1,1,0,,
5193577,1,1,1,0,,
5600820,1,0,1,0,,
6187322,1,0,1,0,,
6550938,1,0,1,0,,
7093319,1,0,1,0,,
7135128,1,0,1,0,,
7390867,1,1,1,0,,
7591533,1,1,1,0,,
7947495,1,0,1,0,,
8328877,1,0,1,0,,
8463326,1,1,1,0,,
8838009,1,0,1,0,,
9093997,1,0,1,0,,
9190596,1,1,1,0,,
9210521,1,1,1,0,,
9221927,1,0,1,0,,
9744150,1,1,1,0,,
9783279,1,0,1,0,,
9887336,1,0,1,0,,
9890726,1,0,1,0,,
