experiment,artifact,source,status,dataset,n_subjects,seed,notes
exp01,dynamic_temporal_validation.csv,results/exp01/dynamic_temporal_validation.csv,derived,CC200,764,42,dFC temporal correlation decay across lag 1 to 4 (1193 acquisitions)
exp01,static_vs_dynamic_validation.csv,results/exp01/static_vs_dynamic_validation.csv,derived,CC200,764,42,Static vs dynamic FC Frobenius norm distance comparison
exp02,graph_metrics.csv,results/exp02/graph_metrics.csv,derived,CC200,764,42,Topological graph metrics across 31060 sliding windows (1193 acquisitions)
exp02,subject_graph_metrics.csv,results/exp02/subject_graph_metrics.csv,derived,CC200,764,42,Subject-averaged topological graph metrics across 764 subjects
exp03,feature_statistics.csv,results/exp03/feature_statistics.csv,derived,CC200,534,42,Summary statistics of dynamic topological features (534 phenotypic cohort)
exp03,site_anova.csv,results/exp03/site_anova.csv,derived,CC200,534,42,Cross-site scanner variation ANOVA F-tests
exp04,comparison_table.csv,results/exp04/comparison_table.csv,derived,CC200,534,42,Empirical Bayes ComBat harmonization comparison table
exp04,site_prediction_results.csv,results/exp04/site_prediction_results.csv,derived,CC200,534,42,Scanner site identification before and after ComBat
exp04,diagnosis_prediction_results.csv,results/exp04/diagnosis_prediction_results.csv,derived,CC200,534,42,Diagnostic classification before and after ComBat
exp05,run_dynamic_biomarkers.csv,results/exp05/run_dynamic_biomarkers.csv,derived,CC200,534,42,Dynamic connectivity state dwell times and fractional occupancy (K=3)
exp05,run_state_sequences.csv,results/exp05/run_state_sequences.csv,derived,CC200,534,42,Sliding-window state sequence transitions
exp06,exp06_verified_results.json,results/exp06/exp06_verified_results.json,reported,AAL-116,955,42,"Semi-supervised pseudo-label evaluation: Procedure I self-training and Procedure II ensemble selection"
exp07,checkpoint_analysis.json,results/exp07/checkpoint_analysis.json,archived,AAL-116,33,42,"Held-out test evaluation: Classical GCN and Quantum QGCNN"
exp07,report.md,results/exp07/report.md,archived,AAL-116,33,42,Test evaluation performance table and metric conventions
exp07,pseudolabel_provenance.json,results/exp07/pseudolabel_provenance.json,reported,AAL-116,875,42,"Provenance ledger for 162 clean and 713 ensemble pseudo-labeled cohort"
exp07,clean_subjects_manifest.csv,results/exp07/clean_subjects_manifest.csv,provenance,AAL-116,391,42,"391 Exp06 aligned subjects with explicit 162-subject Exp07 membership and split mapping"
exp08,exp08_verified_results.json (Volumetric / NeuroSTORM),results/exp08/exp08_verified_results.json,reported,ADHD-200 (Volumetric),626,42,"Volumetric 3D CNN (626 scans, 76.19% test acc) and NeuroSTORM transformer (626 scans, 59.10% 5-fold acc)"
exp08,exp08_verified_results.json (Temporal Connectome),results/exp08/exp08_verified_results.json,reported,CC200 (Temporal),764,42,"Temporal graph model evaluated on dynamic connectomes across 764 subjects (54.43% test acc)"
exp09,w2b_loso_results.csv,results/exp09/w2b_loso_results.csv,derived,CC200,497,42,7-fold Leave-One-Site-Out population graph metrics across 4 GNNs
exp09,w1_canonical_model_summary.csv,results/exp09/w1_canonical_model_summary.csv,derived,CC200,497,42,"Classical ML baseline canonical 7-fold LOSO summary across 6 feature families and 7 classifiers"
exp09,w1_model_summary.csv,results/exp09/w1_model_summary.csv,historical,CC200,497,42,"Classical ML baseline master historical ledger (52 recorded rows including intermediate 3-, 5-, 6-fold runs and duplicate winners)"
exp09,w1_family_winners.csv,results/exp09/w1_family_winners.csv,derived,CC200,497,42,"Classical ML family winner summary across 6 feature families"
exp09,w2_pareto_front.csv,results/exp09/w2_pareto_front.csv,derived,CC200,497,42,"Multi-objective Pareto optimization across feature representations (ADHD AUC vs site prediction BA)"
exp09,graph_preprocessing_summary.csv,results/exp09/graph_preprocessing_summary.csv,derived,CC200,497,42,"Subject graph preprocessing summary statistics (top-10% positive-FC percentile thresholding with self-loops and signed FC edge weights)"
exp09,graph_statistics.csv,results/exp09/graph_statistics.csv,historical,CC200,497,42,"Recovered eight-regime threshold sweep ledger; producer code not retained"
exp09,gnn_diagnostic_positive.csv,results/exp09/gnn_diagnostic_positive.csv,historical,CC200,497,42,"Downstream 7-fold LOSO diagnostic evaluation under positive proportional thresholding (Mean AUC 0.5687)"
exp09,gnn_diagnostic_absolute.csv,results/exp09/gnn_diagnostic_absolute.csv,historical,CC200,497,42,"Downstream 7-fold LOSO diagnostic evaluation under absolute thresholding (Mean AUC 0.5534)"
exp09,w2b_wilcoxon_tests.csv,results/exp09/w2b_wilcoxon_tests.csv,historical,CC200,497,42,"Pairwise Wilcoxon signed-rank significance tests between evaluated GNN architectures"
exp09,w2b_summary_with_ci.csv,results/exp09/w2b_summary_with_ci.csv,historical,CC200,497,42,"Architecture performance summary with 95% bootstrap confidence intervals"
exp09,w2b_error_analysis.csv,results/exp09/w2b_error_analysis.csv,historical,CC200,497,42,"LOSO fold-by-fold classification error and confusion analysis"
exp09,exp09_verified_results.json,results/exp09/exp09_verified_results.json,derived,CC200,497,42,Executed-protocol metadata and aggregate mean AUC values by architecture
