family,model,mean_auc,std_auc,ci_lower,ci_upper,mean_ba,std_ba,n_folds,ci_method,n_sites,degrees_of_freedom
FC_Phenotype,EN,0.591696,0.088925,0.509454,0.673937,0.575199,0.050564,7,Student t distribution over LOSO sites,7,6
FC_Phenotype,ET,0.632847,0.093154,0.546693,0.719,0.602463,0.065664,7,Student t distribution over LOSO sites,7,6
FC_Phenotype,LGBM,0.574424,0.094277,0.487232,0.661616,0.558108,0.055437,7,Student t distribution over LOSO sites,7,6
FC_Phenotype,LR,0.606806,0.085532,0.527701,0.68591,0.592084,0.07842,7,Student t distribution over LOSO sites,7,6
FC_Phenotype,RF,0.603547,0.092103,0.518366,0.688728,0.541206,0.040403,7,Student t distribution over LOSO sites,7,6
FC_Phenotype,SVM,0.455383,0.141289,0.324713,0.586053,0.530492,0.038388,7,Student t distribution over LOSO sites,7,6
FC_Phenotype,XGB,0.540835,0.100185,0.448179,0.63349,0.543357,0.075334,7,Student t distribution over LOSO sites,7,6
FC_only,EN,0.573852,0.100609,0.480804,0.666899,0.571852,0.060284,7,Student t distribution over LOSO sites,7,6
FC_only,ET,0.613833,0.081948,0.538044,0.689622,0.583292,0.069551,7,Student t distribution over LOSO sites,7,6
FC_only,LGBM,0.559744,0.11651,0.45199,0.667498,0.538892,0.086291,7,Student t distribution over LOSO sites,7,6
FC_only,LR,0.614087,0.090635,0.530264,0.69791,0.590002,0.0763,7,Student t distribution over LOSO sites,7,6
FC_only,RF,0.602764,0.081421,0.527463,0.678066,0.572613,0.078351,7,Student t distribution over LOSO sites,7,6
FC_only,SVM,0.454091,0.136346,0.327992,0.58019,0.533783,0.043502,7,Student t distribution over LOSO sites,7,6
FC_only,XGB,0.549727,0.079731,0.475988,0.623466,0.543052,0.064819,7,Student t distribution over LOSO sites,7,6
Graph_Phenotype,EN,0.606434,0.08383,0.528904,0.683964,0.581576,0.056917,7,Student t distribution over LOSO sites,7,6
Graph_Phenotype,ET,0.624974,0.086816,0.544682,0.705265,0.611573,0.095182,7,Student t distribution over LOSO sites,7,6
Graph_Phenotype,LGBM,0.589471,0.02981,0.561901,0.61704,0.579433,0.026387,7,Student t distribution over LOSO sites,7,6
Graph_Phenotype,LR,0.609958,0.06839,0.546708,0.673208,0.592305,0.063753,7,Student t distribution over LOSO sites,7,6
Graph_Phenotype,RF,0.604343,0.056324,0.552252,0.656434,0.599923,0.056293,7,Student t distribution over LOSO sites,7,6
Graph_Phenotype,SVM,0.649309,0.100147,0.556689,0.74193,0.588477,0.080019,7,Student t distribution over LOSO sites,7,6
Graph_Phenotype,XGB,0.585488,0.043845,0.544938,0.626037,0.580533,0.053263,7,Student t distribution over LOSO sites,7,6
Graph_only,EN,0.521286,0.066196,0.460065,0.582506,0.515185,0.037598,7,Student t distribution over LOSO sites,7,6
Graph_only,ET,0.566937,0.056269,0.514896,0.618977,0.555869,0.06239,7,Student t distribution over LOSO sites,7,6
Graph_only,LGBM,0.54552,0.034224,0.513869,0.577172,0.529371,0.047854,7,Student t distribution over LOSO sites,7,6
Graph_only,LR,0.542808,0.056364,0.490679,0.594936,0.525328,0.054437,7,Student t distribution over LOSO sites,7,6
Graph_only,RF,0.56926,0.053529,0.519754,0.618766,0.546631,0.044576,7,Student t distribution over LOSO sites,7,6
Graph_only,SVM,0.504959,0.062858,0.446826,0.563093,0.499682,0.024586,7,Student t distribution over LOSO sites,7,6
Graph_only,XGB,0.533389,0.062933,0.475186,0.591593,0.545584,0.050743,7,Student t distribution over LOSO sites,7,6
Phenotype_NoIQ,EN,0.593487,0.103454,0.497807,0.689166,0.600693,0.099405,7,Student t distribution over LOSO sites,7,6
Phenotype_NoIQ,ET,0.591605,0.105479,0.494053,0.689156,0.581718,0.098973,7,Student t distribution over LOSO sites,7,6
Phenotype_NoIQ,LGBM,0.545082,0.073548,0.477062,0.613103,0.509107,0.057615,7,Student t distribution over LOSO sites,7,6
Phenotype_NoIQ,LR,0.592401,0.102741,0.497381,0.687421,0.600693,0.099405,7,Student t distribution over LOSO sites,7,6
Phenotype_NoIQ,RF,0.566852,0.094352,0.479591,0.654113,0.548229,0.047607,7,Student t distribution over LOSO sites,7,6
Phenotype_NoIQ,SVM,0.585165,0.112003,0.48158,0.688751,0.544052,0.097115,7,Student t distribution over LOSO sites,7,6
Phenotype_NoIQ,XGB,0.509673,0.048834,0.464509,0.554836,0.48591,0.031041,7,Student t distribution over LOSO sites,7,6
Phenotype_only,EN,0.593487,0.103454,0.497807,0.689166,0.600693,0.099405,7,Student t distribution over LOSO sites,7,6
Phenotype_only,ET,0.591605,0.105479,0.494053,0.689156,0.581718,0.098973,7,Student t distribution over LOSO sites,7,6
Phenotype_only,LGBM,0.545082,0.073548,0.477062,0.613103,0.509107,0.057615,7,Student t distribution over LOSO sites,7,6
Phenotype_only,LR,0.592401,0.102741,0.497381,0.687421,0.600693,0.099405,7,Student t distribution over LOSO sites,7,6
Phenotype_only,RF,0.566852,0.094352,0.479591,0.654113,0.548229,0.047607,7,Student t distribution over LOSO sites,7,6
Phenotype_only,SVM,0.585165,0.112003,0.48158,0.688751,0.544052,0.097115,7,Student t distribution over LOSO sites,7,6
Phenotype_only,XGB,0.509673,0.048834,0.464509,0.554836,0.48591,0.031041,7,Student t distribution over LOSO sites,7,6
