epoch,train_loss,val_loss,val_auc,lr,architecture,fold
0,0.6974262737435517,0.6960604786872864,0.6252913752913752,0.001,GCN,0
1,0.6451606723477112,0.6728513240814209,0.6486013986013986,0.001,GCN,0
2,0.6231225993698097,0.6627610325813293,0.6520979020979021,0.001,GCN,0
3,0.5970386203682314,0.6688056588172913,0.641025641025641,0.001,GCN,0
4,0.5707368411326337,0.6661885380744934,0.6381118881118881,0.001,GCN,0
5,0.548545514888994,0.6639344096183777,0.6287878787878788,0.001,GCN,0
6,0.5184937870394427,0.6542918086051941,0.6451048951048951,0.001,GCN,0
7,0.48443424089437526,0.6572380065917969,0.6357808857808858,0.001,GCN,0
8,0.44514590105621477,0.6631855964660645,0.6258741258741258,0.0005,GCN,0
9,0.41750931505710337,0.6680794954299927,0.6223776223776223,0.0005,GCN,0
10,0.38225945389162735,0.671459972858429,0.622960372960373,0.0005,GCN,0
11,0.36857248847218077,0.6765403747558594,0.6217948717948718,0.0005,GCN,0
12,0.3349100811423852,0.6812188029289246,0.6148018648018648,0.0005,GCN,0
13,0.30921302389162186,0.6890739798545837,0.6206293706293706,0.0005,GCN,0
14,0.29151499145340704,0.7005971074104309,0.6043123543123543,0.00025,GCN,0
15,0.2699707603346545,0.7081480026245117,0.6066433566433566,0.00025,GCN,0
16,0.2563286953102066,0.712583065032959,0.6095571095571096,0.00025,GCN,0
17,0.24639191044061207,0.7170950174331665,0.6083916083916084,0.00025,GCN,0
18,0.24269388872691153,0.7226699590682983,0.6043123543123543,0.00025,GCN,0
19,0.22445874298807358,0.7317394614219666,0.6060606060606061,0.00025,GCN,0
20,0.22287535532363592,0.7306464910507202,0.6083916083916083,0.000125,GCN,0
21,0.21068614811335445,0.7313651442527771,0.6136363636363635,0.000125,GCN,0
22,0.18897655529738192,0.7383347153663635,0.6083916083916084,0.000125,GCN,0
0,0.6933878099217134,0.6783068180084229,0.6358418367346939,0.001,GCN,1
1,0.6461829463763872,0.6711246967315674,0.6339285714285715,0.001,GCN,1
2,0.6206806237483541,0.6699002981185913,0.6256377551020409,0.001,GCN,1
3,0.5938385256303722,0.6689980030059814,0.6230867346938775,0.001,GCN,1
4,0.5713034571139806,0.6716014742851257,0.6243622448979592,0.001,GCN,1
5,0.5449691156484763,0.6741199493408203,0.6198979591836735,0.001,GCN,1
6,0.5251346747203508,0.6754826307296753,0.6186224489795918,0.0005,GCN,1
7,0.4961071309659503,0.6758432984352112,0.6198979591836735,0.0005,GCN,1
8,0.4810500764994429,0.6805380582809448,0.6160714285714286,0.0005,GCN,1
9,0.4680487867848423,0.6856911778450012,0.6116071428571429,0.0005,GCN,1
10,0.4448516658585138,0.6898296475410461,0.6052295918367347,0.0005,GCN,1
11,0.42379094627988595,0.6910867094993591,0.6135204081632653,0.0005,GCN,1
12,0.4017459412477334,0.6948723793029785,0.6128826530612245,0.00025,GCN,1
13,0.39380023335524755,0.7060406804084778,0.6065051020408163,0.00025,GCN,1
14,0.3783703762864919,0.7044793367385864,0.6058673469387755,0.00025,GCN,1
15,0.3702077544510549,0.7033249735832214,0.607780612244898,0.00025,GCN,1
16,0.35191877809102323,0.7039536833763123,0.6065051020408163,0.00025,GCN,1
17,0.3398542494596712,0.7084446549415588,0.6071428571428571,0.00025,GCN,1
18,0.32721249560822646,0.7133905291557312,0.6096938775510204,0.000125,GCN,1
19,0.32494558583103095,0.7121830582618713,0.6096938775510204,0.000125,GCN,1
20,0.3302054805652276,0.7138217687606812,0.6065051020408163,0.000125,GCN,1
0,0.6912933624554477,0.685941755771637,0.6209514170040485,0.001,GCN,2
1,0.6470824948260379,0.6775279641151428,0.6406882591093117,0.001,GCN,2
2,0.6114267695248957,0.6739783883094788,0.6442307692307692,0.001,GCN,2
3,0.5816759922046183,0.6775457859039307,0.6275303643724696,0.001,GCN,2
4,0.5598038473169119,0.6822934150695801,0.6239878542510121,0.001,GCN,2
5,0.5200200791478489,0.6880447268486023,0.6209514170040485,0.001,GCN,2
6,0.4846801009018773,0.6908145546913147,0.6184210526315789,0.001,GCN,2
7,0.4432441427016989,0.7045389413833618,0.5986842105263158,0.001,GCN,2
8,0.39960780772990173,0.7053329348564148,0.6128542510121457,0.0005,GCN,2
9,0.3634461249149609,0.708621621131897,0.6209514170040485,0.0005,GCN,2
10,0.34096526626424867,0.7234895825386047,0.6072874493927126,0.0005,GCN,2
11,0.3069202892461527,0.7371568083763123,0.5956477732793523,0.0005,GCN,2
12,0.28408450950819136,0.745979905128479,0.5910931174089068,0.0005,GCN,2
13,0.2617888966974774,0.7467421889305115,0.6007085020242915,0.0005,GCN,2
14,0.2351337320127195,0.7582955360412598,0.5991902834008096,0.00025,GCN,2
15,0.21666269290746087,0.7695997953414917,0.5941295546558705,0.00025,GCN,2
16,0.21467598857653838,0.7846048474311829,0.5845141700404859,0.00025,GCN,2
17,0.19837223591080616,0.7930737137794495,0.5840080971659919,0.00025,GCN,2
18,0.19540108918811616,0.796459972858429,0.5845141700404859,0.00025,GCN,2
19,0.1717204312096067,0.8027075529098511,0.5870445344129555,0.00025,GCN,2
20,0.18165400707290033,0.8059164881706238,0.5855263157894737,0.000125,GCN,2
21,0.15184579818693708,0.8099411129951477,0.5845141700404858,0.000125,GCN,2
22,0.14945143909507475,0.8120545744895935,0.5895748987854251,0.000125,GCN,2
0,0.7439138974972114,0.6839292049407959,0.6811342592592592,0.001,GCN,3
1,0.6503102522410319,0.67058926820755,0.6510416666666666,0.001,GCN,3
2,0.6251800831206544,0.6694201231002808,0.6296296296296297,0.001,GCN,3
3,0.6024813130944074,0.6700125336647034,0.6417824074074073,0.001,GCN,3
4,0.57539336427957,0.6772816181182861,0.640625,0.001,GCN,3
5,0.5470532799909215,0.6790276169776917,0.6412037037037037,0.001,GCN,3
6,0.5238674804122149,0.6789014339447021,0.6423611111111112,0.0005,GCN,3
7,0.48968667791275206,0.67523592710495,0.6417824074074074,0.0005,GCN,3
8,0.46878437456970445,0.6708981990814209,0.6377314814814815,0.0005,GCN,3
9,0.4478647990854914,0.6744373440742493,0.6319444444444445,0.0005,GCN,3
10,0.4223950012715277,0.6791553497314453,0.6221064814814815,0.0005,GCN,3
11,0.40301247021395287,0.6850141882896423,0.6203703703703703,0.0005,GCN,3
12,0.38112047510946584,0.695323646068573,0.6128472222222222,0.00025,GCN,3
13,0.35910371963135496,0.7015462517738342,0.6087962962962964,0.00025,GCN,3
14,0.34777501760842555,0.704612672328949,0.6064814814814814,0.00025,GCN,3
15,0.33173261449008645,0.708799421787262,0.6041666666666666,0.00025,GCN,3
16,0.3237144456295196,0.7105461955070496,0.6070601851851851,0.00025,GCN,3
17,0.3092009125355475,0.7144929766654968,0.6030092592592592,0.00025,GCN,3
18,0.2954781549776386,0.7192003726959229,0.6012731481481481,0.000125,GCN,3
19,0.2906159084000273,0.7203813195228577,0.6001157407407407,0.000125,GCN,3
20,0.27756886532206737,0.7239357233047485,0.6006944444444444,0.000125,GCN,3
0,0.7025257847229398,0.6863245368003845,0.5716783216783217,0.001,GCN,4
1,0.6622694323128118,0.6752394437789917,0.6421911421911423,0.001,GCN,4
2,0.6382378062578683,0.6661421656608582,0.6818181818181818,0.001,GCN,4
3,0.617680060827261,0.6630669832229614,0.6858974358974359,0.001,GCN,4
4,0.5997185730644272,0.6665231585502625,0.648018648018648,0.001,GCN,4
5,0.5751685248319863,0.6678232550621033,0.6328671328671329,0.001,GCN,4
6,0.5531521408753555,0.66542649269104,0.6404428904428905,0.001,GCN,4
7,0.5223394050786561,0.6813236474990845,0.6078088578088577,0.001,GCN,4
8,0.4847758701325912,0.6877555847167969,0.5984848484848484,0.001,GCN,4
9,0.44892370501550133,0.6841654777526855,0.6177156177156177,0.0005,GCN,4
10,0.41195467884417364,0.6879743933677673,0.6142191142191141,0.0005,GCN,4
11,0.393815797060094,0.6951828598976135,0.6124708624708625,0.0005,GCN,4
12,0.37214278169316,0.6965451240539551,0.6206293706293705,0.0005,GCN,4
13,0.35177270384182685,0.716687798500061,0.6066433566433567,0.0005,GCN,4
14,0.3368687806339612,0.7391711473464966,0.5944055944055943,0.0005,GCN,4
15,0.29854752834444714,0.7399276494979858,0.6031468531468531,0.00025,GCN,4
16,0.2724818392546344,0.7489446401596069,0.6002331002331003,0.00025,GCN,4
17,0.2597386161697672,0.7618434429168701,0.5932400932400932,0.00025,GCN,4
18,0.25789577674720787,0.7635417580604553,0.592074592074592,0.00025,GCN,4
19,0.25628087504294145,0.7601760625839233,0.5979020979020979,0.00025,GCN,4
20,0.23732709576656028,0.7646865248680115,0.6025641025641025,0.00025,GCN,4
21,0.21867617674873954,0.7566363215446472,0.606060606060606,0.000125,GCN,4
22,0.2230932879230534,0.7607523202896118,0.6066433566433566,0.000125,GCN,4
23,0.2255116884106923,0.7610293030738831,0.6113053613053612,0.000125,GCN,4
0,0.7071126311324364,0.6731165051460266,0.7055555555555555,0.001,GCN,5
1,0.6503441500109296,0.6600642800331116,0.7088888888888889,0.001,GCN,5
2,0.6220080422800641,0.6537176966667175,0.7072222222222222,0.001,GCN,5
3,0.593103708222855,0.6448343396186829,0.7088888888888889,0.001,GCN,5
4,0.5627275940983795,0.6481914520263672,0.6855555555555556,0.001,GCN,5
5,0.5347346136736315,0.653149425983429,0.665,0.001,GCN,5
6,0.4948697935703189,0.6520549058914185,0.6527777777777778,0.001,GCN,5
7,0.45998632006866985,0.6568450331687927,0.6472222222222223,0.0005,GCN,5
8,0.4212015146432921,0.6608759760856628,0.6422222222222222,0.0005,GCN,5
9,0.4002398564371952,0.6641558408737183,0.638888888888889,0.0005,GCN,5
10,0.38441173420395963,0.6704643964767456,0.635,0.0005,GCN,5
11,0.3497125263824019,0.6812623739242554,0.6200000000000001,0.0005,GCN,5
12,0.31345653949781904,0.6861847043037415,0.6083333333333333,0.0005,GCN,5
13,0.2997362052285394,0.6929023265838623,0.6077777777777778,0.00025,GCN,5
14,0.27936847196068876,0.6971808075904846,0.605,0.00025,GCN,5
15,0.25738385042478873,0.7036893963813782,0.595,0.00025,GCN,5
16,0.24552002133325088,0.706454336643219,0.5927777777777778,0.00025,GCN,5
17,0.23740394240201906,0.7134523391723633,0.5877777777777777,0.00025,GCN,5
18,0.23018697666567425,0.717991828918457,0.585,0.00025,GCN,5
19,0.21105990437574165,0.7190821170806885,0.5861111111111111,0.000125,GCN,5
20,0.1957073610189349,0.722798228263855,0.585,0.000125,GCN,5
21,0.198691405182661,0.7261488437652588,0.58,0.000125,GCN,5
0,0.7135080655852517,0.6902133226394653,0.5424063116370808,0.001,GCN,6
1,0.6586324664262625,0.6855143308639526,0.5675542406311638,0.001,GCN,6
2,0.627708871285994,0.6805678009986877,0.5882642998027614,0.001,GCN,6
3,0.6031149514428862,0.682352602481842,0.5897435897435898,0.001,GCN,6
4,0.5843598515122801,0.6931105852127075,0.5754437869822486,0.001,GCN,6
5,0.5493566420052077,0.7089110016822815,0.5448717948717948,0.001,GCN,6
6,0.5183076432773045,0.7174257040023804,0.5364891518737672,0.001,GCN,6
7,0.4819184260053949,0.7252168655395508,0.5448717948717948,0.001,GCN,6
8,0.44145378601420054,0.7301071286201477,0.5527613412228796,0.001,GCN,6
9,0.39972822613768527,0.7464073896408081,0.5542406311637081,0.0005,GCN,6
10,0.34714308020832774,0.7674928903579712,0.5498027613412229,0.0005,GCN,6
11,0.3145474686727419,0.7813405990600586,0.5473372781065089,0.0005,GCN,6
12,0.2856783830857539,0.7937270402908325,0.5502958579881656,0.0005,GCN,6
13,0.2600131028301113,0.8023799061775208,0.554240631163708,0.0005,GCN,6
14,0.2332715269300964,0.8119997978210449,0.5616370808678501,0.0005,GCN,6
15,0.21083657230649674,0.8328505158424377,0.5586785009861933,0.00025,GCN,6
16,0.19940876305758298,0.8380244374275208,0.5626232741617357,0.00025,GCN,6
17,0.18693705508997152,0.8482115864753723,0.5655818540433926,0.00025,GCN,6
18,0.17123452287453872,0.8519327044487,0.5621301775147929,0.00025,GCN,6
19,0.16061865235422992,0.8570736646652222,0.5660749506903353,0.00025,GCN,6
20,0.15376661783391302,0.8673827648162842,0.5680473372781065,0.00025,GCN,6
21,0.14254588609213356,0.8787431716918945,0.5665680473372782,0.000125,GCN,6
22,0.13863185801348843,0.8812416195869446,0.5636094674556213,0.000125,GCN,6
23,0.13705287529872015,0.8878440856933594,0.5660749506903353,0.000125,GCN,6
0,0.7130180247960854,0.6752145290374756,0.6835664335664335,0.001,GAT,0
1,0.6554980857854883,0.6697160005569458,0.6590909090909091,0.001,GAT,0
2,0.6309624038794249,0.6674484610557556,0.6497668997668997,0.001,GAT,0
3,0.60688311365796,0.6717585921287537,0.6328671328671328,0.001,GAT,0
4,0.5822543485647241,0.6736067533493042,0.6293706293706294,0.001,GAT,0
5,0.5561609588721007,0.6738906502723694,0.6293706293706294,0.001,GAT,0
6,0.5296954662057929,0.6760599613189697,0.6334498834498834,0.0005,GAT,0
7,0.493491886605669,0.6756174564361572,0.62995337995338,0.0005,GAT,0
8,0.4778051727487962,0.6811267733573914,0.62995337995338,0.0005,GAT,0
9,0.44092051806406674,0.6883859038352966,0.6235431235431236,0.0005,GAT,0
10,0.4107356276757047,0.6958129405975342,0.6235431235431236,0.0005,GAT,0
11,0.4067236947689172,0.7076714634895325,0.62004662004662,0.0005,GAT,0
12,0.37538104042906056,0.7104411721229553,0.6247086247086246,0.00025,GAT,0
13,0.3503456434454443,0.7143198251724243,0.6276223776223776,0.00025,GAT,0
14,0.3358120111540365,0.7165177464485168,0.6317016317016316,0.00025,GAT,0
15,0.3205955438203322,0.7231146693229675,0.631118881118881,0.00025,GAT,0
16,0.3154675744451425,0.7311521768569946,0.627039627039627,0.00025,GAT,0
17,0.3079395821807608,0.7393383383750916,0.6235431235431236,0.00025,GAT,0
18,0.27871900175633385,0.7490633130073547,0.6194638694638693,0.000125,GAT,0
19,0.2631944817268596,0.75406414270401,0.6194638694638694,0.000125,GAT,0
20,0.2652110819370005,0.7584802508354187,0.6182983682983683,0.000125,GAT,0
0,0.6967186595633303,0.6802982091903687,0.6447704081632653,0.001,GAT,1
1,0.6509918445035031,0.6693334579467773,0.6639030612244897,0.001,GAT,1
2,0.6255926869971096,0.6638039946556091,0.65625,0.001,GAT,1
3,0.6032043675151033,0.6607261896133423,0.6651785714285715,0.001,GAT,1
4,0.5793287082353243,0.655503511428833,0.6817602040816326,0.001,GAT,1
5,0.5471359821665028,0.6490393280982971,0.6913265306122449,0.001,GAT,1
6,0.5221730569383308,0.6479803919792175,0.6964285714285714,0.001,GAT,1
7,0.4822813397959659,0.6445133686065674,0.7021683673469388,0.001,GAT,1
8,0.44147872980165037,0.6443056464195251,0.7059948979591837,0.001,GAT,1
9,0.3951048170080864,0.6571595668792725,0.7085459183673469,0.001,GAT,1
10,0.34809668311393666,0.6528018116950989,0.7155612244897959,0.001,GAT,1
11,0.3054599450099579,0.6539572477340698,0.7251275510204082,0.001,GAT,1
12,0.25970165297711967,0.6515610218048096,0.7295918367346939,0.001,GAT,1
13,0.21008820015210486,0.7075852155685425,0.7085459183673469,0.001,GAT,1
14,0.17007659537135264,0.7085890173912048,0.7110969387755103,0.001,GAT,1
15,0.13710576300466024,0.7450155019760132,0.6996173469387755,0.001,GAT,1
16,0.11543069193975844,0.726966381072998,0.7123724489795918,0.001,GAT,1
17,0.09476350630769051,0.7479029893875122,0.7117346938775511,0.001,GAT,1
18,0.0759796191802704,0.801339864730835,0.7168367346938775,0.0005,GAT,1
19,0.06422946429104998,0.7801818251609802,0.7193877551020408,0.0005,GAT,1
20,0.06624102149585452,0.7473838925361633,0.7244897959183674,0.0005,GAT,1
21,0.053560098817704634,0.747993528842926,0.7238520408163266,0.0005,GAT,1
22,0.049251621652498336,0.7715593576431274,0.7193877551020408,0.0005,GAT,1
23,0.05235235609875375,0.8388771414756775,0.7059948979591836,0.0005,GAT,1
24,0.04177095694899928,0.860276997089386,0.7053571428571429,0.00025,GAT,1
25,0.04149991559908486,0.8711622953414917,0.7098214285714286,0.00025,GAT,1
26,0.03517640913741507,0.8601247668266296,0.7053571428571428,0.00025,GAT,1
27,0.04032707952493485,0.8255730271339417,0.7104591836734694,0.00025,GAT,1
28,0.0338609935629294,0.8373302221298218,0.7117346938775511,0.00025,GAT,1
29,0.02982703238241259,0.8264387845993042,0.7110969387755102,0.00025,GAT,1
30,0.03363041307534965,0.8297317624092102,0.7168367346938775,0.000125,GAT,1
31,0.03431384550874632,0.8322881460189819,0.7142857142857143,0.000125,GAT,1
32,0.03433428170741896,0.8405023813247681,0.7130102040816326,0.000125,GAT,1
0,0.7090012079161854,0.6887708306312561,0.540991902834008,0.001,GAT,2
1,0.6639170032357771,0.6827696561813354,0.5875506072874495,0.001,GAT,2
2,0.6450052795968015,0.6809220314025879,0.5885627530364372,0.001,GAT,2
3,0.6162290974911873,0.6802875995635986,0.5890688259109311,0.001,GAT,2
4,0.6008862891237051,0.6770861148834229,0.6052631578947368,0.001,GAT,2
5,0.5717454687134469,0.6763785481452942,0.6158906882591093,0.001,GAT,2
6,0.5398823745071389,0.6792171597480774,0.617914979757085,0.001,GAT,2
7,0.5167314034982644,0.6841490864753723,0.6128542510121457,0.001,GAT,2
8,0.47479095116963294,0.691860556602478,0.5926113360323887,0.001,GAT,2
9,0.4290884126361698,0.6947574615478516,0.5936234817813766,0.001,GAT,2
10,0.38479476843371696,0.7002266049385071,0.6007085020242915,0.001,GAT,2
11,0.3408422838678599,0.68784099817276,0.6179149797570851,0.001,GAT,2
12,0.2966125848233534,0.708101212978363,0.618421052631579,0.001,GAT,2
13,0.23902995158038765,0.7297264337539673,0.6007085020242915,0.001,GAT,2
14,0.20326334101077906,0.7423558831214905,0.6052631578947367,0.001,GAT,2
15,0.15454469496659248,0.7714291214942932,0.6088056680161944,0.001,GAT,2
16,0.1293173757145664,0.8014526963233948,0.5900809716599191,0.001,GAT,2
17,0.09817735008210525,0.8317001461982727,0.5794534412955465,0.001,GAT,2
18,0.07609422125109058,0.8411234617233276,0.5956477732793523,0.0005,GAT,2
19,0.05670770237995389,0.8625283241271973,0.5915991902834008,0.0005,GAT,2
20,0.06372214277848227,0.8797770738601685,0.5890688259109311,0.0005,GAT,2
21,0.05211188578796586,0.8848320841789246,0.5814777327935223,0.0005,GAT,2
22,0.04422104697996195,0.8902891278266907,0.5875506072874493,0.0005,GAT,2
23,0.0373335868576775,0.8931422829627991,0.5946356275303644,0.0005,GAT,2
24,0.03290951994966332,0.9008280634880066,0.5946356275303644,0.00025,GAT,2
25,0.03567909108978128,0.9082309007644653,0.5956477732793524,0.00025,GAT,2
26,0.028444031818995567,0.9176252484321594,0.5915991902834008,0.00025,GAT,2
27,0.02714718105712475,0.9214743971824646,0.5910931174089068,0.00025,GAT,2
28,0.026537651886182907,0.927176833152771,0.5926113360323886,0.00025,GAT,2
29,0.025511233789799605,0.9324718713760376,0.590587044534413,0.00025,GAT,2
30,0.024090261958684762,0.9402397871017456,0.590080971659919,0.000125,GAT,2
31,0.02565401229581959,0.9450685381889343,0.5931174089068825,0.000125,GAT,2
32,0.02852927266638259,0.9443362951278687,0.5915991902834008,0.000125,GAT,2
0,0.6946759141847759,0.6747275590896606,0.6921296296296297,0.001,GAT,3
1,0.659641180566685,0.6736387014389038,0.6689814814814815,0.001,GAT,3
2,0.6341053675748631,0.6678606271743774,0.662037037037037,0.001,GAT,3
3,0.6116855569228441,0.663929283618927,0.6608796296296295,0.001,GAT,3
4,0.5872431061938851,0.663480818271637,0.6568287037037036,0.001,GAT,3
5,0.5588173723506357,0.6664080023765564,0.6446759259259259,0.001,GAT,3
6,0.5217592609142829,0.6768009066581726,0.6209490740740741,0.0005,GAT,3
7,0.4924671664209423,0.6748964786529541,0.634837962962963,0.0005,GAT,3
8,0.46087799422041387,0.675774872303009,0.6359953703703705,0.0005,GAT,3
9,0.44696028146915096,0.6741530299186707,0.648726851851852,0.0005,GAT,3
10,0.41642366697688304,0.6694397926330566,0.6440972222222223,0.0005,GAT,3
11,0.39203658289538174,0.6716898083686829,0.6417824074074074,0.0005,GAT,3
12,0.37907120567595887,0.6896881461143494,0.6226851851851851,0.00025,GAT,3
13,0.34306456014781656,0.6923878192901611,0.6203703703703703,0.00025,GAT,3
14,0.33078005517314296,0.6950222253799438,0.615162037037037,0.00025,GAT,3
15,0.32451752274336215,0.6964471936225891,0.609375,0.00025,GAT,3
16,0.30396663161095033,0.6977701187133789,0.6157407407407408,0.00025,GAT,3
17,0.29132545476188204,0.6974987983703613,0.6180555555555556,0.00025,GAT,3
18,0.2745122010122516,0.7003017067909241,0.619212962962963,0.000125,GAT,3
19,0.2689819750850072,0.7020249366760254,0.6197916666666666,0.000125,GAT,3
20,0.26791865044011326,0.702966570854187,0.6215277777777779,0.000125,GAT,3
0,0.7136579168603775,0.6961585879325867,0.4883449883449884,0.001,GAT,4
1,0.6762076331851693,0.6858475804328918,0.574009324009324,0.001,GAT,4
2,0.6548425910320688,0.6793838739395142,0.6107226107226107,0.001,GAT,4
3,0.6316353555508297,0.67295902967453,0.6311188811188813,0.001,GAT,4
4,0.6119755812691338,0.6709374785423279,0.6287878787878788,0.001,GAT,4
5,0.5906698413895256,0.6777635812759399,0.6101398601398602,0.001,GAT,4
6,0.5664937595828325,0.6827437877655029,0.6008158508158509,0.001,GAT,4
7,0.5353460322759797,0.6825484037399292,0.5891608391608392,0.001,GAT,4
8,0.506082924122506,0.6903386116027832,0.5757575757575757,0.001,GAT,4
9,0.4675369945702944,0.7011062502861023,0.574009324009324,0.0005,GAT,4
10,0.429825944922253,0.7006142735481262,0.5891608391608392,0.0005,GAT,4
11,0.40324161851659734,0.71274334192276,0.5786713286713286,0.0005,GAT,4
12,0.3840011665342789,0.7198113799095154,0.5763403263403264,0.0005,GAT,4
13,0.36733830754155444,0.7283239960670471,0.5798368298368298,0.0005,GAT,4
14,0.33486400322711213,0.7392382025718689,0.5710955710955711,0.0005,GAT,4
15,0.30874466687712626,0.7618314623832703,0.5687645687645688,0.00025,GAT,4
16,0.29882178263098996,0.7748671174049377,0.5611888111888113,0.00025,GAT,4
17,0.2904034841205574,0.7863132953643799,0.548951048951049,0.00025,GAT,4
18,0.2646324026276638,0.8083477020263672,0.5396270396270396,0.00025,GAT,4
19,0.2558196333766346,0.8311408162117004,0.5384615384615384,0.00025,GAT,4
20,0.23977366560860608,0.8235887885093689,0.5501165501165501,0.00025,GAT,4
21,0.22720346597552663,0.81898432970047,0.5571095571095571,0.000125,GAT,4
22,0.22455601720280924,0.8219165205955505,0.5576923076923077,0.000125,GAT,4
23,0.2164952195161744,0.8273623585700989,0.5506993006993006,0.000125,GAT,4
0,0.6986721088719923,0.6839888691902161,0.5694444444444444,0.001,GAT,5
1,0.6514024374096893,0.6777439713478088,0.5961111111111111,0.001,GAT,5
2,0.6214909636697104,0.673366904258728,0.5922222222222222,0.001,GAT,5
3,0.5886671972829242,0.6773079037666321,0.5977777777777777,0.001,GAT,5
4,0.5596535441487335,0.6829362511634827,0.5855555555555555,0.001,GAT,5
5,0.5276971196019372,0.6809432506561279,0.5883333333333333,0.001,GAT,5
6,0.4819221773812937,0.6781659126281738,0.5972222222222222,0.001,GAT,5
7,0.434201680643614,0.6917572021484375,0.5844444444444444,0.001,GAT,5
8,0.38706004342367484,0.7025271058082581,0.5777777777777777,0.001,GAT,5
9,0.3391029772370361,0.724992036819458,0.5666666666666667,0.0005,GAT,5
10,0.28841647990914276,0.7318146228790283,0.5649999999999998,0.0005,GAT,5
11,0.2598436668861744,0.7443966269493103,0.566111111111111,0.0005,GAT,5
12,0.23839324608791707,0.7589290142059326,0.566111111111111,0.0005,GAT,5
13,0.20524931993595388,0.7775973677635193,0.5588888888888888,0.0005,GAT,5
14,0.19111247949822005,0.783735454082489,0.5555555555555556,0.0005,GAT,5
15,0.17792288716449295,0.8058968186378479,0.5549999999999999,0.00025,GAT,5
16,0.151554832278296,0.8141685724258423,0.5511111111111111,0.00025,GAT,5
17,0.14976662397384644,0.8248425722122192,0.5533333333333333,0.00025,GAT,5
18,0.13432078825872998,0.828951358795166,0.5555555555555555,0.00025,GAT,5
19,0.13194134588851486,0.8401939868927002,0.5555555555555556,0.00025,GAT,5
20,0.11863201510074527,0.8533757925033569,0.5516666666666667,0.00025,GAT,5
21,0.11657000974167225,0.8671353459358215,0.5527777777777778,0.000125,GAT,5
22,0.10694506279257841,0.8702114224433899,0.5494444444444444,0.000125,GAT,5
23,0.11053864103417065,0.8779692649841309,0.5494444444444444,0.000125,GAT,5
0,0.7158366985373444,0.6856067776679993,0.5912228796844181,0.001,GAT,6
1,0.6651266983577183,0.6819885969161987,0.6232741617357002,0.001,GAT,6
2,0.6429351280023764,0.6802629232406616,0.6193293885601577,0.001,GAT,6
3,0.6060126312486418,0.6768568754196167,0.6153846153846154,0.001,GAT,6
4,0.5831919731674614,0.6793091297149658,0.6134122287968442,0.001,GAT,6
5,0.5544558488405668,0.6950828433036804,0.5877712031558185,0.001,GAT,6
6,0.5171132867152874,0.702128529548645,0.5956607495069033,0.001,GAT,6
7,0.477682569197246,0.7097141742706299,0.5922090729783038,0.0005,GAT,6
8,0.4450030431642637,0.7084487676620483,0.5961538461538461,0.0005,GAT,6
9,0.4214990309306553,0.7048318982124329,0.6099605522682445,0.0005,GAT,6
10,0.39715744178373735,0.7080848813056946,0.613905325443787,0.0005,GAT,6
11,0.3691216707229614,0.7164051532745361,0.6079881656804733,0.0005,GAT,6
12,0.3468588073175032,0.7213165760040283,0.6025641025641026,0.0005,GAT,6
13,0.30706005306034295,0.7253145575523376,0.6045364891518737,0.00025,GAT,6
14,0.2932575685637338,0.7274003028869629,0.6070019723865878,0.00025,GAT,6
15,0.2826851426245092,0.7318073511123657,0.6124260355029586,0.00025,GAT,6
16,0.2689481541350648,0.7387897372245789,0.6084812623274162,0.00025,GAT,6
17,0.2543257378287368,0.7435054779052734,0.604043392504931,0.00025,GAT,6
18,0.244517649268056,0.7486582398414612,0.6025641025641026,0.00025,GAT,6
19,0.233510251556124,0.7514771819114685,0.6074950690335306,0.000125,GAT,6
20,0.21665933040472177,0.7530543208122253,0.6074950690335307,0.000125,GAT,6
21,0.2131346528019224,0.7561662197113037,0.6055226824457594,0.000125,GAT,6
0,0.6890083587421751,0.6757310628890991,0.6136363636363636,0.001,SAGE,0
1,0.6328775864713502,0.6746400594711304,0.6258741258741258,0.001,SAGE,0
2,0.5948263088021754,0.6784067749977112,0.6194638694638694,0.001,SAGE,0
3,0.5561877490890711,0.6715441346168518,0.6328671328671328,0.001,SAGE,0
4,0.5232881359823521,0.6752349734306335,0.6142191142191142,0.001,SAGE,0
5,0.4593100375819422,0.6746560335159302,0.6334498834498834,0.001,SAGE,0
6,0.4068584153119171,0.7005057334899902,0.6264568764568765,0.001,SAGE,0
7,0.3487171637867873,0.7453364133834839,0.5815850815850816,0.001,SAGE,0
8,0.27248486705416997,0.740437924861908,0.6089743589743589,0.001,SAGE,0
9,0.2230438848006401,0.7776261568069458,0.6008158508158508,0.001,SAGE,0
10,0.15957258268065322,0.804351806640625,0.6078088578088578,0.001,SAGE,0
11,0.1098533768623257,0.8575031757354736,0.606060606060606,0.0005,SAGE,0
12,0.09805203528562702,0.8673927187919617,0.606060606060606,0.0005,SAGE,0
13,0.07080714247017829,0.8927836418151855,0.594988344988345,0.0005,SAGE,0
14,0.06764291017527306,0.9484227895736694,0.5763403263403264,0.0005,SAGE,0
15,0.06326888821276293,0.9842744469642639,0.5769230769230769,0.0005,SAGE,0
16,0.043078381219299175,1.006747841835022,0.5745920745920746,0.0005,SAGE,0
17,0.035748763634539084,1.0117084980010986,0.574009324009324,0.00025,SAGE,0
18,0.03728740380970013,0.9968132376670837,0.5862470862470863,0.00025,SAGE,0
19,0.037325106876314226,1.011197805404663,0.594988344988345,0.00025,SAGE,0
20,0.03026380653287709,1.006374716758728,0.5914918414918414,0.00025,SAGE,0
21,0.026175291831759886,1.0302094221115112,0.5839160839160839,0.00025,SAGE,0
22,0.0266782457734883,1.0297526121139526,0.5833333333333334,0.00025,SAGE,0
23,0.03065304773271624,1.0347518920898438,0.5920745920745921,0.000125,SAGE,0
24,0.02921155402915175,1.0480378866195679,0.5897435897435898,0.000125,SAGE,0
25,0.029963637091602085,1.0759129524230957,0.585081585081585,0.000125,SAGE,0
0,0.6929017978925085,0.6851257681846619,0.6096938775510203,0.001,SAGE,1
1,0.6337770004021493,0.6810762286186218,0.6116071428571429,0.001,SAGE,1
2,0.6015070092751884,0.6748214960098267,0.6281887755102041,0.001,SAGE,1
3,0.5730882488168061,0.6863722205162048,0.6198979591836735,0.001,SAGE,1
4,0.5283909851552532,0.7206083536148071,0.5816326530612245,0.001,SAGE,1
5,0.4895777630363086,0.722591757774353,0.5758928571428572,0.001,SAGE,1
6,0.42231028783063035,0.7160475254058838,0.6122448979591837,0.001,SAGE,1
7,0.36420371584109845,0.7479361891746521,0.610969387755102,0.001,SAGE,1
8,0.31067081723050805,0.7339867949485779,0.639030612244898,0.001,SAGE,1
9,0.2355055337996675,0.7642946839332581,0.635204081632653,0.001,SAGE,1
10,0.1794420742767145,0.798404335975647,0.6135204081632653,0.001,SAGE,1
11,0.1359398716558982,0.8427062034606934,0.6167091836734694,0.001,SAGE,1
12,0.10259484014136504,0.8708412647247314,0.6498724489795918,0.001,SAGE,1
13,0.08506908837486715,0.9036716818809509,0.6517857142857142,0.001,SAGE,1
14,0.05734935197575543,0.8886341452598572,0.653061224489796,0.001,SAGE,1
15,0.04853219882622592,0.9474539756774902,0.6198979591836735,0.001,SAGE,1
16,0.03820926984397251,0.9263354539871216,0.6466836734693877,0.001,SAGE,1
17,0.038003500031982045,0.9342623353004456,0.6632653061224489,0.001,SAGE,1
18,0.025353265733057316,0.9585953950881958,0.65625,0.001,SAGE,1
19,0.02296446376240844,0.9454849362373352,0.6658163265306123,0.001,SAGE,1
20,0.016349111559682588,0.9782061576843262,0.6721938775510204,0.001,SAGE,1
21,0.018148060461315948,1.0381933450698853,0.6294642857142857,0.001,SAGE,1
22,0.017106425233369825,1.0688812732696533,0.6224489795918368,0.001,SAGE,1
23,0.01709121278841798,1.112500786781311,0.6485969387755102,0.001,SAGE,1
24,0.0138844687595456,1.0983315706253052,0.6581632653061225,0.001,SAGE,1
25,0.017657796849407277,1.132761836051941,0.6581632653061225,0.001,SAGE,1
26,0.013403932745611705,1.1722288131713867,0.6447704081632653,0.0005,SAGE,1
27,0.012532013673162312,1.14431893825531,0.6639030612244898,0.0005,SAGE,1
28,0.013120306926799632,1.1283447742462158,0.6728316326530613,0.0005,SAGE,1
29,0.010021796969022174,1.0927660465240479,0.6753826530612245,0.0005,SAGE,1
30,0.011928940658967931,1.0987694263458252,0.6913265306122449,0.0005,SAGE,1
31,0.008295842541537419,1.1080025434494019,0.6926020408163265,0.0005,SAGE,1
32,0.012811358314549591,1.1453642845153809,0.6855867346938777,0.0005,SAGE,1
33,0.008968177712854032,1.143689513206482,0.6645408163265306,0.0005,SAGE,1
34,0.008049093356973062,1.1440263986587524,0.6626275510204082,0.0005,SAGE,1
35,0.007557858728829645,1.15919029712677,0.6607142857142857,0.0005,SAGE,1
36,0.009456518697970468,1.13523530960083,0.6670918367346939,0.0005,SAGE,1
37,0.006109285383159439,1.1600732803344727,0.6683673469387755,0.00025,SAGE,1
38,0.008600192450148402,1.1588525772094727,0.6677295918367346,0.00025,SAGE,1
39,0.004998169104127507,1.1618043184280396,0.6683673469387755,0.00025,SAGE,1
40,0.004491549452345807,1.1555564403533936,0.6709183673469388,0.00025,SAGE,1
41,0.004934728399334308,1.1352694034576416,0.6772959183673469,0.00025,SAGE,1
42,0.016777188185567827,1.169862985610962,0.6734693877551021,0.00025,SAGE,1
43,0.004407022758199612,1.158373236656189,0.6568877551020409,0.000125,SAGE,1
44,0.010799883781202807,1.170698642730713,0.6511479591836734,0.000125,SAGE,1
45,0.00491650468286346,1.152018666267395,0.6581632653061225,0.000125,SAGE,1
46,0.005687962208323803,1.148414969444275,0.6505102040816326,0.000125,SAGE,1
47,0.005767605405865992,1.1448540687561035,0.6524234693877551,0.000125,SAGE,1
48,0.009787850704724575,1.1590023040771484,0.6536989795918366,0.000125,SAGE,1
49,0.004396877286886514,1.1358624696731567,0.6594387755102041,6.25e-05,SAGE,1
50,0.006109849627680454,1.1381899118423462,0.6632653061224489,6.25e-05,SAGE,1
51,0.004121184253909455,1.148102045059204,0.6619897959183674,6.25e-05,SAGE,1
0,0.6960317693380924,0.6834206581115723,0.6330971659919029,0.001,SAGE,2
1,0.6415522844014394,0.6836243271827698,0.6153846153846153,0.001,SAGE,2
2,0.5963997807675417,0.6878905892372131,0.6052631578947368,0.001,SAGE,2
3,0.5537870127842619,0.6976523399353027,0.5936234817813766,0.001,SAGE,2
4,0.4978849932675906,0.7206594944000244,0.5743927125506073,0.001,SAGE,2
5,0.4305763959386555,0.7313100695610046,0.5986842105263158,0.001,SAGE,2
6,0.35769106584671145,0.7458361387252808,0.5966599190283401,0.0005,SAGE,2
7,0.288490203180685,0.7487320303916931,0.5845141700404859,0.0005,SAGE,2
8,0.24825240036571258,0.7719511985778809,0.5865384615384616,0.0005,SAGE,2
9,0.21068249688507124,0.7936789393424988,0.5905870445344129,0.0005,SAGE,2
10,0.1805062800811858,0.8254392743110657,0.5703441295546559,0.0005,SAGE,2
11,0.15330512194912413,0.8522006869316101,0.5617408906882592,0.0005,SAGE,2
12,0.1163868837494372,0.8756639361381531,0.5764170040485831,0.00025,SAGE,2
13,0.10180539334799918,0.8770081400871277,0.5809716599190283,0.00025,SAGE,2
14,0.09469061483911817,0.8760107755661011,0.583502024291498,0.00025,SAGE,2
15,0.07862509073155172,0.882965087890625,0.5835020242914979,0.00025,SAGE,2
16,0.07356784855920956,0.889410674571991,0.5809716599190282,0.00025,SAGE,2
17,0.06604088236860578,0.9064738750457764,0.5774291497975708,0.00025,SAGE,2
18,0.06231893084341437,0.916477620601654,0.5814777327935222,0.000125,SAGE,2
19,0.054820473863636886,0.9134436845779419,0.5809716599190282,0.000125,SAGE,2
20,0.05849003063353987,0.9151208400726318,0.5799595141700404,0.000125,SAGE,2
0,0.6971357261349341,0.6815313100814819,0.6446759259259259,0.001,SAGE,3
1,0.6467558334687513,0.6655257344245911,0.6452546296296295,0.001,SAGE,3
2,0.6091614947347583,0.66031414270401,0.6550925925925926,0.001,SAGE,3
3,0.562180458785531,0.6602932810783386,0.6487268518518519,0.001,SAGE,3
4,0.5129224190454997,0.6736689805984497,0.6365740740740741,0.001,SAGE,3
5,0.4567833009237301,0.6922256946563721,0.6203703703703705,0.001,SAGE,3
6,0.3827408800225058,0.71720951795578,0.6059027777777778,0.001,SAGE,3
7,0.31141337056359847,0.7474105954170227,0.6145833333333334,0.001,SAGE,3
8,0.24035078465581655,0.7961787581443787,0.5827546296296297,0.0005,SAGE,3
9,0.18703259929211555,0.8173721432685852,0.5920138888888888,0.0005,SAGE,3
10,0.1534341556761793,0.8483172059059143,0.5844907407407407,0.0005,SAGE,3
11,0.14133686219860694,0.8519454598426819,0.5758101851851852,0.0005,SAGE,3
12,0.10459181010544658,0.8546882271766663,0.5810185185185185,0.0005,SAGE,3
13,0.0951754611409353,0.8664131164550781,0.5902777777777778,0.0005,SAGE,3
14,0.08246109822017704,0.880248486995697,0.5815972222222222,0.00025,SAGE,3
15,0.07198167672592723,0.9003347158432007,0.576388888888889,0.00025,SAGE,3
16,0.06651643877793215,0.9097367525100708,0.5792824074074074,0.00025,SAGE,3
17,0.05816287277433686,0.9148539304733276,0.5850694444444444,0.00025,SAGE,3
18,0.047993894487976314,0.9192684292793274,0.5873842592592592,0.00025,SAGE,3
19,0.041526808955533775,0.9299961924552917,0.5862268518518519,0.00025,SAGE,3
20,0.044416118613974064,0.9386347532272339,0.583912037037037,0.000125,SAGE,3
21,0.03746643787372612,0.9445440769195557,0.582175925925926,0.000125,SAGE,3
22,0.03920579643663532,0.950728178024292,0.5850694444444444,0.000125,SAGE,3
0,0.7034008059095829,0.689214289188385,0.5885780885780886,0.001,SAGE,4
1,0.64749176542085,0.6822990775108337,0.6078088578088577,0.001,SAGE,4
2,0.6164254839659462,0.6903908848762512,0.5681818181818182,0.001,SAGE,4
3,0.5681962562911779,0.6938621401786804,0.5687645687645688,0.001,SAGE,4
4,0.5215391299282526,0.7067031860351562,0.5571095571095572,0.001,SAGE,4
5,0.4574405889743005,0.748681902885437,0.5151515151515151,0.001,SAGE,4
6,0.4037487111011899,0.7277458310127258,0.5681818181818181,0.001,SAGE,4
7,0.32451789330204206,0.8013420701026917,0.5238927738927739,0.0005,SAGE,4
8,0.2638417699779058,0.828910231590271,0.4988344988344988,0.0005,SAGE,4
9,0.22864250118609258,0.8339507579803467,0.5227272727272727,0.0005,SAGE,4
10,0.19431173629311443,0.8677685260772705,0.5238927738927739,0.0005,SAGE,4
11,0.1566695265449289,0.8700920343399048,0.539044289044289,0.0005,SAGE,4
12,0.13810009176426746,0.9158477187156677,0.5134032634032634,0.0005,SAGE,4
13,0.11394394023802505,0.9635010361671448,0.48484848484848486,0.00025,SAGE,4
14,0.10230258600871252,0.9666547179222107,0.5081585081585082,0.00025,SAGE,4
15,0.08655337472998263,0.9810612797737122,0.5238927738927739,0.00025,SAGE,4
16,0.0867301519156227,1.0031213760375977,0.5168997668997669,0.00025,SAGE,4
17,0.0706865435811524,1.0296038389205933,0.5000000000000001,0.00025,SAGE,4
18,0.06317904726304907,1.0247870683670044,0.5093240093240093,0.00025,SAGE,4
19,0.05934135017967514,1.0259934663772583,0.5268065268065268,0.000125,SAGE,4
20,0.0550406998459329,1.0301873683929443,0.5314685314685315,0.000125,SAGE,4
21,0.06426600364566212,1.0339114665985107,0.5256410256410257,0.000125,SAGE,4
0,0.6961324769397115,0.6668903231620789,0.7133333333333334,0.001,SAGE,5
1,0.6391983739165372,0.6434129476547241,0.7127777777777777,0.001,SAGE,5
2,0.6024494143419488,0.6533601880073547,0.646111111111111,0.001,SAGE,5
3,0.5635619898175084,0.6736845970153809,0.5933333333333334,0.001,SAGE,5
4,0.5121808079786079,0.6762270331382751,0.61,0.001,SAGE,5
5,0.4476093019163886,0.6895890235900879,0.5894444444444444,0.001,SAGE,5
6,0.3920141763465349,0.6970572471618652,0.5833333333333334,0.0005,SAGE,5
7,0.3285702778849491,0.7232468724250793,0.5605555555555556,0.0005,SAGE,5
8,0.2823624174262202,0.7366114258766174,0.5683333333333334,0.0005,SAGE,5
9,0.25110921610233394,0.7567473649978638,0.5688888888888889,0.0005,SAGE,5
10,0.21820260826931442,0.7734426259994507,0.5616666666666668,0.0005,SAGE,5
11,0.19514283849749453,0.8274009227752686,0.5349999999999999,0.0005,SAGE,5
12,0.14965965165648348,0.8461595177650452,0.54,0.00025,SAGE,5
13,0.12001187077095342,0.8608441352844238,0.5377777777777778,0.00025,SAGE,5
14,0.1190421168887338,0.8772274255752563,0.5372222222222222,0.00025,SAGE,5
15,0.09950867901707805,0.8878451585769653,0.5366666666666666,0.00025,SAGE,5
16,0.09216098227473192,0.8950286507606506,0.5366666666666667,0.00025,SAGE,5
17,0.08977768656819365,0.9195045828819275,0.5361111111111112,0.00025,SAGE,5
18,0.08351903218169544,0.9267680048942566,0.5344444444444444,0.000125,SAGE,5
19,0.07702750348767569,0.9273948669433594,0.5372222222222222,0.000125,SAGE,5
20,0.06506781340685001,0.9270555377006531,0.5355555555555556,0.000125,SAGE,5
0,0.6957932704097622,0.68293696641922,0.616370808678501,0.001,SAGE,6
1,0.6462709471419618,0.680403470993042,0.584319526627219,0.001,SAGE,6
2,0.6137071245319241,0.6866531372070312,0.5576923076923077,0.001,SAGE,6
3,0.5634656751548851,0.6947591304779053,0.5655818540433925,0.001,SAGE,6
4,0.5167537691828968,0.7226759195327759,0.5483234714003944,0.001,SAGE,6
5,0.4500266375777486,0.7330628633499146,0.5473372781065089,0.001,SAGE,6
6,0.39311357743137487,0.7416828870773315,0.5586785009861933,0.0005,SAGE,6
7,0.32435502717783166,0.7557366490364075,0.5552268244575937,0.0005,SAGE,6
8,0.2850117915934259,0.789322018623352,0.5473372781065088,0.0005,SAGE,6
9,0.24677279673434876,0.7971793413162231,0.5591715976331362,0.0005,SAGE,6
10,0.206142558828815,0.8064138293266296,0.562130177514793,0.0005,SAGE,6
11,0.1950550403568771,0.8117454051971436,0.5611439842209073,0.0005,SAGE,6
12,0.14530377777723166,0.8128105401992798,0.571992110453649,0.00025,SAGE,6
13,0.13118851839841067,0.8238538503646851,0.5665680473372782,0.00025,SAGE,6
14,0.10657111620837516,0.8371749520301819,0.5665680473372782,0.00025,SAGE,6
15,0.09917927811761479,0.8537707328796387,0.5660749506903353,0.00025,SAGE,6
16,0.09916721022391058,0.8515278100967407,0.5729783037475346,0.00025,SAGE,6
17,0.08281053078698587,0.8690674901008606,0.5700197238658776,0.00025,SAGE,6
18,0.07772967129290759,0.8870564103126526,0.5690335305719921,0.000125,SAGE,6
19,0.06875008270963208,0.8899706602096558,0.5734714003944773,0.000125,SAGE,6
20,0.07377681013319519,0.8828392624855042,0.5729783037475344,0.000125,SAGE,6
0,0.6953005920364057,0.8004505038261414,0.5355477855477855,0.001,GIN,0
1,0.6149801545272781,0.744956374168396,0.5466200466200467,0.001,GIN,0
2,0.5359119124643031,0.7529637813568115,0.581002331002331,0.001,GIN,0
3,0.44739460431917194,0.8429308533668518,0.5332167832167832,0.001,GIN,0
4,0.35130552159695466,0.8937817811965942,0.5541958041958042,0.001,GIN,0
5,0.25241481830166185,0.9859886765480042,0.5227272727272727,0.001,GIN,0
6,0.17527230565641583,1.0273631811141968,0.5623543123543123,0.001,GIN,0
7,0.11485703253493929,1.2052186727523804,0.5355477855477855,0.001,GIN,0
8,0.08127993120167551,1.1840914487838745,0.587995337995338,0.001,GIN,0
9,0.07249482781865446,1.2800003290176392,0.6206293706293706,0.001,GIN,0
10,0.05025549192442995,1.4447263479232788,0.5163170163170163,0.001,GIN,0
11,0.03668630461903497,1.4480596780776978,0.5763403263403264,0.001,GIN,0
12,0.025057406330711893,1.424902081489563,0.5442890442890442,0.001,GIN,0
13,0.020932067897497166,1.3128249645233154,0.6083916083916083,0.001,GIN,0
14,0.01614350580759459,1.3077362775802612,0.6153846153846154,0.001,GIN,0
15,0.011050325100875693,1.3977041244506836,0.5938228438228439,0.0005,GIN,0
16,0.009483505764925498,1.431052565574646,0.5687645687645688,0.0005,GIN,0
17,0.009121611964779138,1.4249467849731445,0.56002331002331,0.0005,GIN,0
18,0.007611115952655448,1.415523886680603,0.5716783216783217,0.0005,GIN,0
19,0.007295324951072654,1.445253610610962,0.5804195804195804,0.0005,GIN,0
20,0.008817568804022048,1.5096935033798218,0.5903263403263403,0.0005,GIN,0
21,0.008073273821089563,1.53874933719635,0.5804195804195804,0.00025,GIN,0
22,0.005776319146336385,1.4832168817520142,0.5687645687645687,0.00025,GIN,0
23,0.005479801052286546,1.4451727867126465,0.5810023310023311,0.00025,GIN,0
24,0.006965643869786104,1.4507170915603638,0.594988344988345,0.00025,GIN,0
25,0.004565795996082873,1.4807994365692139,0.5938228438228438,0.00025,GIN,0
26,0.005342984953304342,1.5148957967758179,0.5862470862470862,0.00025,GIN,0
27,0.003961593291111673,1.5248215198516846,0.5740093240093239,0.000125,GIN,0
28,0.004298510938725263,1.535923719406128,0.5734265734265734,0.000125,GIN,0
29,0.003745906755575781,1.5263681411743164,0.578088578088578,0.000125,GIN,0
0,0.6965772219855719,0.9354318976402283,0.5982142857142856,0.001,GIN,1
1,0.5967174198236259,0.7089022397994995,0.649234693877551,0.001,GIN,1
2,0.519401983949053,0.6998031139373779,0.6677295918367347,0.001,GIN,1
3,0.4221692445108396,0.7449038028717041,0.6568877551020408,0.001,GIN,1
4,0.33541510547093195,0.7474667429924011,0.6772959183673469,0.001,GIN,1
5,0.2313111110737449,0.7760439515113831,0.6753826530612245,0.001,GIN,1
6,0.15813688781608368,0.7700010538101196,0.6517857142857143,0.001,GIN,1
7,0.10753712953059666,0.8907856345176697,0.6741071428571428,0.001,GIN,1
8,0.08264634866648045,0.9355852603912354,0.5982142857142857,0.001,GIN,1
9,0.05988584103310717,1.1307905912399292,0.6396683673469389,0.001,GIN,1
10,0.04573499178946387,1.106515884399414,0.5535714285714286,0.0005,GIN,1
11,0.03964088225143244,1.1024037599563599,0.5943877551020408,0.0005,GIN,1
12,0.018998130913766176,1.1575381755828857,0.6116071428571429,0.0005,GIN,1
13,0.01635341311663666,1.2225106954574585,0.590561224489796,0.0005,GIN,1
14,0.017925941630413656,1.2112464904785156,0.5746173469387755,0.0005,GIN,1
15,0.013348986711872067,1.2172085046768188,0.5790816326530612,0.0005,GIN,1
16,0.015730671377004853,1.236362338066101,0.5899234693877551,0.00025,GIN,1
17,0.019471174054101526,1.2170523405075073,0.5892857142857142,0.00025,GIN,1
18,0.010967203240045822,1.1984866857528687,0.5816326530612246,0.00025,GIN,1
19,0.012338309920747583,1.195770263671875,0.5867346938775511,0.00025,GIN,1
20,0.01095105257842563,1.1986656188964844,0.59375,0.00025,GIN,1
21,0.010826806511856824,1.2586212158203125,0.5956632653061223,0.00025,GIN,1
22,0.014838331162745001,1.2439541816711426,0.590561224489796,0.000125,GIN,1
23,0.0084467773331508,1.2710429430007935,0.590561224489796,0.000125,GIN,1
24,0.012992322444915771,1.2634507417678833,0.5880102040816326,0.000125,GIN,1
0,0.7091567433312078,0.7320346832275391,0.597672064777328,0.001,GIN,2
1,0.6186119070624243,0.7129389643669128,0.5936234817813765,0.001,GIN,2
2,0.5488928606251157,0.7091802954673767,0.6194331983805668,0.001,GIN,2
3,0.47607042588563353,0.7551681399345398,0.6093117408906883,0.001,GIN,2
4,0.3749877902624667,0.7396144270896912,0.6401821862348178,0.001,GIN,2
5,0.2860044646063887,0.8787869215011597,0.6341093117408907,0.001,GIN,2
6,0.17691802870596351,0.8487328290939331,0.6204453441295545,0.001,GIN,2
7,0.12860468924460636,1.004492163658142,0.6406882591093118,0.001,GIN,2
8,0.08050898250846146,1.0244815349578857,0.6295546558704453,0.001,GIN,2
9,0.04835139759777316,1.0211747884750366,0.611336032388664,0.001,GIN,2
10,0.033575965273181047,1.217621922492981,0.6082995951417004,0.001,GIN,2
11,0.03268376366860521,1.2247523069381714,0.624493927125506,0.001,GIN,2
12,0.023421616757854112,1.1880484819412231,0.6265182186234818,0.001,GIN,2
13,0.017572099750233727,1.3556987047195435,0.6234817813765182,0.0005,GIN,2
14,0.015083102281088617,1.2834402322769165,0.6082995951417004,0.0005,GIN,2
15,0.010456779346513383,1.2801871299743652,0.6158906882591093,0.0005,GIN,2
16,0.013078327531975624,1.2431304454803467,0.6229757085020242,0.0005,GIN,2
17,0.011582790003586198,1.1888710260391235,0.6169028340080971,0.0005,GIN,2
18,0.0073176755707368545,1.178416132926941,0.6163967611336033,0.0005,GIN,2
19,0.007403183358781102,1.2266446352005005,0.625,0.00025,GIN,2
20,0.00769088253596782,1.2324692010879517,0.6310728744939271,0.00025,GIN,2
21,0.006781061338182943,1.2123790979385376,0.6275303643724696,0.00025,GIN,2
22,0.0055671120114354706,1.2089444398880005,0.6265182186234818,0.00025,GIN,2
23,0.006253616087927294,1.2210311889648438,0.6224696356275303,0.00025,GIN,2
24,0.005599807790924165,1.246139407157898,0.618421052631579,0.00025,GIN,2
25,0.008778123082567141,1.2500625848770142,0.6143724696356275,0.000125,GIN,2
26,0.005501079709012279,1.2541333436965942,0.6158906882591093,0.000125,GIN,2
27,0.004539084712868365,1.2536085844039917,0.6179149797570851,0.000125,GIN,2
0,0.7044046064336856,0.7167302370071411,0.6516203703703703,0.001,GIN,3
1,0.6314011012722632,0.6985713243484497,0.6400462962962963,0.001,GIN,3
2,0.5640922534965469,0.714114785194397,0.6550925925925926,0.001,GIN,3
3,0.48486764041963454,0.7079851031303406,0.6041666666666666,0.001,GIN,3
4,0.3859590952267904,0.7986491918563843,0.5434027777777778,0.001,GIN,3
5,0.2995446906118336,0.8378827571868896,0.5439814814814815,0.001,GIN,3
6,0.19750527154185815,0.9377939105033875,0.556712962962963,0.001,GIN,3
7,0.1272563862943364,1.0967880487442017,0.5179398148148148,0.001,GIN,3
8,0.10010736413344652,1.1734341382980347,0.5486111111111112,0.0005,GIN,3
9,0.07505196181243051,1.2572739124298096,0.5295138888888888,0.0005,GIN,3
10,0.04677483365831975,1.286682367324829,0.48900462962962965,0.0005,GIN,3
11,0.03995548208762786,1.2806038856506348,0.5069444444444444,0.0005,GIN,3
12,0.02889730892852395,1.2777026891708374,0.5324074074074074,0.0005,GIN,3
13,0.025866749133178574,1.3176583051681519,0.521412037037037,0.0005,GIN,3
14,0.020438884089360693,1.3608037233352661,0.5254629629629629,0.00025,GIN,3
15,0.016439447893264764,1.3682106733322144,0.5266203703703703,0.00025,GIN,3
16,0.015837943928684303,1.365065097808838,0.5300925925925926,0.00025,GIN,3
17,0.01573759716695654,1.3613615036010742,0.5347222222222222,0.00025,GIN,3
18,0.013634639970601319,1.3515055179595947,0.5358796296296295,0.00025,GIN,3
19,0.01239749315211516,1.3714872598648071,0.5347222222222222,0.00025,GIN,3
20,0.013589679871401387,1.4057857990264893,0.5376157407407407,0.000125,GIN,3
21,0.012822359956488638,1.4229909181594849,0.5353009259259259,0.000125,GIN,3
22,0.012517009421201522,1.4090487957000732,0.5341435185185185,0.000125,GIN,3
0,0.7032220334629882,0.754152774810791,0.5576923076923077,0.001,GIN,4
1,0.6062104292553608,0.7724971175193787,0.4819347319347319,0.001,GIN,4
2,0.5277984727479766,0.7516049742698669,0.5582750582750583,0.001,GIN,4
3,0.43216721863007473,0.8166977167129517,0.5541958041958042,0.001,GIN,4
4,0.33903262680424745,0.8935943245887756,0.553030303030303,0.001,GIN,4
5,0.2284381421775441,0.9376735091209412,0.5914918414918414,0.001,GIN,4
6,0.16280611828648936,1.0957814455032349,0.548951048951049,0.001,GIN,4
7,0.11074905138247644,1.0936094522476196,0.6101398601398601,0.001,GIN,4
8,0.07443396344010954,1.1816489696502686,0.5600233100233101,0.001,GIN,4
9,0.06758820585974444,1.3624029159545898,0.5413752913752914,0.001,GIN,4
10,0.04076321019386267,1.257586121559143,0.5786713286713286,0.001,GIN,4
11,0.030314395175878764,1.569666862487793,0.5227272727272727,0.001,GIN,4
12,0.02524508707406492,1.421566367149353,0.5536130536130536,0.001,GIN,4
13,0.016754355946821824,1.6098756790161133,0.5308857808857809,0.0005,GIN,4
14,0.015342943540188317,1.5993765592575073,0.5303030303030303,0.0005,GIN,4
15,0.014305887160692534,1.5643525123596191,0.5314685314685315,0.0005,GIN,4
16,0.013301715379337409,1.5298526287078857,0.5413752913752913,0.0005,GIN,4
17,0.00972300070680474,1.549603819847107,0.5524475524475524,0.0005,GIN,4
18,0.009008401716099684,1.589111566543579,0.5448717948717949,0.0005,GIN,4
19,0.007675801952989449,1.5845640897750854,0.5244755244755245,0.00025,GIN,4
20,0.008359677800880377,1.615455150604248,0.5233100233100233,0.00025,GIN,4
21,0.009527078447552075,1.590548038482666,0.539044289044289,0.00025,GIN,4
22,0.009096941549761227,1.588071584701538,0.5355477855477855,0.00025,GIN,4
23,0.0073638997015212085,1.6040812730789185,0.5384615384615383,0.00025,GIN,4
24,0.0059868822717829675,1.622626781463623,0.5407925407925408,0.00025,GIN,4
25,0.005538276492937901,1.621384620666504,0.5483682983682984,0.000125,GIN,4
26,0.006734581858112185,1.6159836053848267,0.5495337995337994,0.000125,GIN,4
27,0.006764397998892427,1.6086573600769043,0.548951048951049,0.000125,GIN,4
0,0.7005280339440634,0.7431726455688477,0.6327777777777778,0.001,GIN,5
1,0.6112154888552289,0.7424439191818237,0.5605555555555556,0.001,GIN,5
2,0.5325347808904426,0.7466787099838257,0.52,0.001,GIN,5
3,0.4495134478391603,0.7108002305030823,0.5877777777777778,0.001,GIN,5
4,0.34835336859836136,0.7826288342475891,0.5599999999999999,0.001,GIN,5
5,0.24447840209617172,0.8280821442604065,0.5650000000000001,0.001,GIN,5
6,0.1774910691865655,0.836094319820404,0.5711111111111111,0.0005,GIN,5
7,0.11496466086354366,0.8968011140823364,0.5755555555555556,0.0005,GIN,5
8,0.08113710357006206,0.9657440781593323,0.5377777777777778,0.0005,GIN,5
9,0.06799051633407903,1.0488965511322021,0.5283333333333333,0.0005,GIN,5
10,0.04832097506800363,1.0392184257507324,0.5288888888888889,0.0005,GIN,5
11,0.04130139626389326,0.9907773733139038,0.5627777777777778,0.0005,GIN,5
12,0.0331555686371271,1.0556336641311646,0.5427777777777778,0.00025,GIN,5
13,0.026328896410589993,1.099984049797058,0.5488888888888889,0.00025,GIN,5
14,0.02141391984078773,1.1241090297698975,0.5638888888888889,0.00025,GIN,5
15,0.022419163783968882,1.114867925643921,0.5461111111111111,0.00025,GIN,5
16,0.018013168429565983,1.1034777164459229,0.5355555555555556,0.00025,GIN,5
17,0.018878224457419195,1.1250982284545898,0.5333333333333333,0.00025,GIN,5
18,0.015477058932531712,1.1558235883712769,0.5338888888888889,0.000125,GIN,5
19,0.015932713223751203,1.1822731494903564,0.5383333333333334,0.000125,GIN,5
20,0.014485054454484652,1.1665345430374146,0.5394444444444444,0.000125,GIN,5
0,0.7103895204407829,0.8326670527458191,0.5463510848126233,0.001,GIN,6
1,0.611095728455009,0.7420021295547485,0.6134122287968442,0.001,GIN,6
2,0.5341948257697807,0.8200087547302246,0.5182445759368837,0.001,GIN,6
3,0.4396986080394996,0.8297479152679443,0.5128205128205128,0.001,GIN,6
4,0.32927445625210855,0.8466944098472595,0.5537475345167652,0.001,GIN,6
5,0.22596838169700498,0.9199821352958679,0.5340236686390533,0.001,GIN,6
6,0.14660796031847104,0.9741402864456177,0.6109467455621302,0.001,GIN,6
7,0.10289844788692809,1.343345284461975,0.5700197238658777,0.0005,GIN,6
8,0.06852826725814369,1.064794898033142,0.5862919132149902,0.0005,GIN,6
9,0.05277307704091072,1.1140633821487427,0.5626232741617357,0.0005,GIN,6
10,0.03491864120075991,1.2546578645706177,0.5532544378698225,0.0005,GIN,6
11,0.03741408194732535,1.1990537643432617,0.5769230769230769,0.0005,GIN,6
12,0.025883685817921553,1.206053614616394,0.5650887573964497,0.0005,GIN,6
13,0.022791573368422278,1.1297276020050049,0.5626232741617356,0.00025,GIN,6
14,0.019939962774515152,1.1519660949707031,0.56163708086785,0.00025,GIN,6
15,0.018507207068358802,1.189263939857483,0.5581854043392505,0.00025,GIN,6
16,0.016460507944390013,1.1582555770874023,0.5631163708086784,0.00025,GIN,6
17,0.013880402003261414,1.1663898229599,0.5670611439842209,0.00025,GIN,6
18,0.011864888758122265,1.2007135152816772,0.5621301775147929,0.00025,GIN,6
19,0.010835471839367687,1.22602117061615,0.5562130177514794,0.000125,GIN,6
20,0.01075074059254193,1.2220804691314697,0.5527613412228797,0.000125,GIN,6
21,0.010338185856548639,1.2199734449386597,0.5557199211045364,0.000125,GIN,6
